deep models | data=data_v2 | device=cuda (NVIDIA RTX A4000)
12 subjects, 907 trials, input 56 channels x 140 samples
seeds=10  max epochs=40  chance=33.3%
checkpoint D:\fnirs\Extra\Extra\Code\analysis\diagnostics\deep-data_v2-correct-checkpoint.json (0 cell(s) already done)

  within HemoNet           sub-08  seed 0   74.78%     3.6s
  within HemoNet           sub-12  seed 0   82.13%     0.8s
  within HemoNet           sub-13  seed 0   50.46%     0.8s
  within HemoNet           sub-14  seed 0   31.43%     0.5s
  within HemoNet           sub-15  seed 0   36.26%     0.5s
  within HemoNet           sub-16  seed 0   74.12%     1.1s
  within HemoNet           sub-19  seed 0   78.24%     0.8s
  within HemoNet           sub-21  seed 0   41.14%     0.7s
  within HemoNet           sub-22  seed 0   37.90%     0.5s
  within HemoNet           sub-23  seed 0   36.86%     0.5s
  within HemoNet           sub-24  seed 0   50.98%     0.8s
  within HemoNet           sub-25  seed 0   31.67%     0.6s
  within HemoNet           sub-08  seed 1   75.88%     1.0s
  within HemoNet           sub-12  seed 1   85.59%     0.7s
  within HemoNet           sub-13  seed 1   56.41%     0.7s
  within HemoNet           sub-14  seed 1   34.29%     0.5s
  within HemoNet           sub-15  seed 1   44.07%     0.6s
  within HemoNet           sub-16  seed 1   77.65%     0.9s
  within HemoNet           sub-19  seed 1   83.79%     0.9s
  within HemoNet           sub-21  seed 1   47.90%     0.8s
  within HemoNet           sub-22  seed 1   49.52%     0.8s
  within HemoNet           sub-23  seed 1   39.52%     0.7s
  within HemoNet           sub-24  seed 1   57.91%     0.8s
  within HemoNet           sub-25  seed 1   35.83%     0.5s
  within HemoNet           sub-08  seed 2   77.13%     0.9s
  within HemoNet           sub-12  seed 2   83.46%     0.9s
  within HemoNet           sub-13  seed 2   47.12%     0.9s
  within HemoNet           sub-14  seed 2   25.71%     0.6s
  within HemoNet           sub-15  seed 2   36.48%     0.6s
  within HemoNet           sub-16  seed 2   72.94%     1.0s
  within HemoNet           sub-19  seed 2   83.79%     0.9s
  within HemoNet           sub-21  seed 2   50.48%     0.8s
  within HemoNet           sub-22  seed 2   40.57%     0.7s
  within HemoNet           sub-23  seed 2   26.76%     0.6s
  within HemoNet           sub-24  seed 2   67.58%     0.7s
  within HemoNet           sub-25  seed 2   20.00%     0.7s
  within HemoNet           sub-08  seed 3   67.65%     0.8s
  within HemoNet           sub-12  seed 3   83.46%     0.6s
  within HemoNet           sub-13  seed 3   55.10%     0.8s
  within HemoNet           sub-14  seed 3   37.14%     0.6s
  within HemoNet           sub-15  seed 3   46.81%     0.7s
  within HemoNet           sub-16  seed 3   68.24%     0.8s
  within HemoNet           sub-19  seed 3   79.28%     0.7s
  within HemoNet           sub-21  seed 3   47.90%     0.7s
  within HemoNet           sub-22  seed 3   52.19%     0.8s
  within HemoNet           sub-23  seed 3   32.38%     0.8s
  within HemoNet           sub-24  seed 3   61.83%     1.0s
  within HemoNet           sub-25  seed 3   40.83%     0.6s
  within HemoNet           sub-08  seed 4   70.00%     0.9s
  within HemoNet           sub-12  seed 4   85.74%     0.9s
  within HemoNet           sub-13  seed 4   54.18%     0.8s
  within HemoNet           sub-14  seed 4   31.43%     0.5s
  within HemoNet           sub-15  seed 4   34.84%     0.6s
  within HemoNet           sub-16  seed 4   71.76%     0.8s
  within HemoNet           sub-19  seed 4   75.75%     0.8s
  within HemoNet           sub-21  seed 4   42.48%     0.6s
  within HemoNet           sub-22  seed 4   36.29%     0.8s
  within HemoNet           sub-23  seed 4   38.10%     0.7s
  within HemoNet           sub-24  seed 4   67.32%     0.8s
  within HemoNet           sub-25  seed 4   34.44%     0.5s
  within HemoNet           sub-08  seed 5   69.93%     0.8s
  within HemoNet           sub-12  seed 5   84.56%     0.7s
  within HemoNet           sub-13  seed 5   54.97%     0.8s
  within HemoNet           sub-14  seed 5   27.14%     0.5s
  within HemoNet           sub-15  seed 5   37.91%     0.6s
  within HemoNet           sub-16  seed 5   75.29%     0.9s
  within HemoNet           sub-19  seed 5   78.17%     0.8s
  within HemoNet           sub-21  seed 5   54.57%     0.8s
  within HemoNet           sub-22  seed 5   46.57%     0.8s
  within HemoNet           sub-23  seed 5   38.29%     0.7s
  within HemoNet           sub-24  seed 5   67.39%     0.9s
  within HemoNet           sub-25  seed 5   33.89%     0.6s
  within HemoNet           sub-08  seed 6   74.85%     1.0s
  within HemoNet           sub-12  seed 6   81.10%     0.8s
  within HemoNet           sub-13  seed 6   57.52%     0.9s
  within HemoNet           sub-14  seed 6   24.29%     0.5s
  within HemoNet           sub-15  seed 6   45.27%     0.6s
  within HemoNet           sub-16  seed 6   70.59%     0.8s
  within HemoNet           sub-19  seed 6   82.88%     1.0s
  within HemoNet           sub-21  seed 6   50.76%     0.8s
  within HemoNet           sub-22  seed 6   51.90%     0.8s
  within HemoNet           sub-23  seed 6   32.48%     0.6s
  within HemoNet           sub-24  seed 6   53.14%     0.7s
  within HemoNet           sub-25  seed 6   24.72%     0.5s
  within HemoNet           sub-08  seed 7   72.35%     0.7s
  within HemoNet           sub-12  seed 7   83.31%     0.7s
  within HemoNet           sub-13  seed 7   51.11%     0.7s
  within HemoNet           sub-14  seed 7   25.71%     0.5s
  within HemoNet           sub-15  seed 7   40.99%     0.6s
  within HemoNet           sub-16  seed 7   67.06%     0.6s
  within HemoNet           sub-19  seed 7   73.59%     0.8s
  within HemoNet           sub-21  seed 7   46.67%     0.7s
  within HemoNet           sub-22  seed 7   46.38%     0.7s
  within HemoNet           sub-23  seed 7   30.86%     0.7s
  within HemoNet           sub-24  seed 7   50.26%     0.8s
  within HemoNet           sub-25  seed 7   41.11%     0.5s
  within HemoNet           sub-08  seed 8   65.15%     0.9s
  within HemoNet           sub-12  seed 8   75.00%     0.8s
  within HemoNet           sub-13  seed 8   50.46%     1.0s
  within HemoNet           sub-14  seed 8   34.29%     0.4s
  within HemoNet           sub-15  seed 8   36.37%     0.6s
  within HemoNet           sub-16  seed 8   67.06%     0.8s
  within HemoNet           sub-19  seed 8   85.03%     0.9s
  within HemoNet           sub-21  seed 8   45.24%     0.7s
  within HemoNet           sub-22  seed 8   36.67%     0.7s
  within HemoNet           sub-23  seed 8   35.24%     0.6s
  within HemoNet           sub-24  seed 8   67.65%     0.9s
  within HemoNet           sub-25  seed 8   31.94%     0.6s
  within HemoNet           sub-08  seed 9   64.93%     0.8s
  within HemoNet           sub-12  seed 9   82.13%     0.7s
  within HemoNet           sub-13  seed 9   49.41%     0.9s
  within HemoNet           sub-14  seed 9   30.00%     0.5s
  within HemoNet           sub-15  seed 9   42.31%     0.7s
  within HemoNet           sub-16  seed 9   76.47%     1.0s
  within HemoNet           sub-19  seed 9   81.57%     0.8s
  within HemoNet           sub-21  seed 9   47.90%     0.6s
  within HemoNet           sub-22  seed 9   35.14%     0.6s
  within HemoNet           sub-23  seed 9   34.95%     0.7s
  within HemoNet           sub-24  seed 9   60.52%     1.0s
  within HemoNet           sub-25  seed 9   38.61%     0.5s
  within CNN+BiLSTM        sub-08  seed 0   60.44%     0.9s
  within CNN+BiLSTM        sub-12  seed 0   68.90%     0.8s
  within CNN+BiLSTM        sub-13  seed 0   46.01%     1.1s
  within CNN+BiLSTM        sub-14  seed 0   34.29%     0.6s
  within CNN+BiLSTM        sub-15  seed 0   45.38%     0.6s
  within CNN+BiLSTM        sub-16  seed 0   51.76%     0.9s
  within CNN+BiLSTM        sub-19  seed 0   61.31%     0.8s
  within CNN+BiLSTM        sub-21  seed 0   39.81%     0.9s
  within CNN+BiLSTM        sub-22  seed 0   36.76%     0.7s
  within CNN+BiLSTM        sub-23  seed 0   35.43%     0.7s
  within CNN+BiLSTM        sub-24  seed 0   41.96%     0.8s
  within CNN+BiLSTM        sub-25  seed 0   43.33%     0.6s
  within CNN+BiLSTM        sub-08  seed 1   56.25%     0.9s
  within CNN+BiLSTM        sub-12  seed 1   66.69%     0.7s
  within CNN+BiLSTM        sub-13  seed 1   47.25%     1.0s
  within CNN+BiLSTM        sub-14  seed 1   30.00%     0.6s
  within CNN+BiLSTM        sub-15  seed 1   39.12%     0.6s
  within CNN+BiLSTM        sub-16  seed 1   61.18%     0.8s
  within CNN+BiLSTM        sub-19  seed 1   69.08%     1.1s
  within CNN+BiLSTM        sub-21  seed 1   38.38%     0.7s
  within CNN+BiLSTM        sub-22  seed 1   43.62%     0.6s
  within CNN+BiLSTM        sub-23  seed 1   36.48%     0.5s
  within CNN+BiLSTM        sub-24  seed 1   40.46%     0.8s
  within CNN+BiLSTM        sub-25  seed 1   44.72%     0.6s
  within CNN+BiLSTM        sub-08  seed 2   39.56%     0.7s
  within CNN+BiLSTM        sub-12  seed 2   59.49%     1.0s
  within CNN+BiLSTM        sub-13  seed 2   36.73%     0.8s
  within CNN+BiLSTM        sub-14  seed 2   38.57%     0.6s
  within CNN+BiLSTM        sub-15  seed 2   27.25%     0.6s
  within CNN+BiLSTM        sub-16  seed 2   51.76%     0.9s
  within CNN+BiLSTM        sub-19  seed 2   66.73%     1.0s
  within CNN+BiLSTM        sub-21  seed 2   42.29%     0.8s
  within CNN+BiLSTM        sub-22  seed 2   33.81%     0.6s
  within CNN+BiLSTM        sub-23  seed 2   33.90%     0.8s
  within CNN+BiLSTM        sub-24  seed 2   40.78%     0.6s
  within CNN+BiLSTM        sub-25  seed 2   40.83%     0.8s
  within CNN+BiLSTM        sub-08  seed 3   49.56%     0.9s
  within CNN+BiLSTM        sub-12  seed 3   65.59%     1.0s
  within CNN+BiLSTM        sub-13  seed 3   41.70%     0.7s
  within CNN+BiLSTM        sub-14  seed 3   30.00%     0.6s
  within CNN+BiLSTM        sub-15  seed 3   30.44%     0.7s
  within CNN+BiLSTM        sub-16  seed 3   51.76%     0.8s
  within CNN+BiLSTM        sub-19  seed 3   64.58%     1.2s
  within CNN+BiLSTM        sub-21  seed 3   30.00%     0.7s
  within CNN+BiLSTM        sub-22  seed 3   38.10%     0.9s
  within CNN+BiLSTM        sub-23  seed 3   26.57%     0.6s
  within CNN+BiLSTM        sub-24  seed 3   39.61%     0.7s
  within CNN+BiLSTM        sub-25  seed 3   43.06%     0.6s
  within CNN+BiLSTM        sub-08  seed 4   52.72%     0.7s
  within CNN+BiLSTM        sub-12  seed 4   68.90%     1.0s
  within CNN+BiLSTM        sub-13  seed 4   43.86%     0.8s
  within CNN+BiLSTM        sub-14  seed 4   30.00%     0.6s
  within CNN+BiLSTM        sub-15  seed 4   28.79%     0.6s
  within CNN+BiLSTM        sub-16  seed 4   56.47%     0.8s
  within CNN+BiLSTM        sub-19  seed 4   76.99%     1.0s
  within CNN+BiLSTM        sub-21  seed 4   36.86%     0.7s
  within CNN+BiLSTM        sub-22  seed 4   42.38%     0.9s
  within CNN+BiLSTM        sub-23  seed 4   32.29%     0.7s
  within CNN+BiLSTM        sub-24  seed 4   44.12%     0.7s
  within CNN+BiLSTM        sub-25  seed 4   31.94%     0.7s
  within CNN+BiLSTM        sub-08  seed 5   44.63%     0.9s
  within CNN+BiLSTM        sub-12  seed 5   61.84%     1.0s
  within CNN+BiLSTM        sub-13  seed 5   42.68%     0.9s
  within CNN+BiLSTM        sub-14  seed 5   32.86%     0.5s
  within CNN+BiLSTM        sub-15  seed 5   38.02%     0.6s
  within CNN+BiLSTM        sub-16  seed 5   47.06%     0.7s
  within CNN+BiLSTM        sub-19  seed 5   58.50%     0.9s
  within CNN+BiLSTM        sub-21  seed 5   35.71%     0.7s
  within CNN+BiLSTM        sub-22  seed 5   26.76%     0.7s
  within CNN+BiLSTM        sub-23  seed 5   29.52%     0.8s
  within CNN+BiLSTM        sub-24  seed 5   47.58%     0.6s
  within CNN+BiLSTM        sub-25  seed 5   24.72%     0.5s
  within CNN+BiLSTM        sub-08  seed 6   45.74%     0.9s
  within CNN+BiLSTM        sub-12  seed 6   63.24%     0.7s
  within CNN+BiLSTM        sub-13  seed 6   42.42%     1.0s
  within CNN+BiLSTM        sub-14  seed 6   31.43%     0.6s
  within CNN+BiLSTM        sub-15  seed 6   30.22%     0.6s
  within CNN+BiLSTM        sub-16  seed 6   56.47%     0.8s
  within CNN+BiLSTM        sub-19  seed 6   62.22%     0.8s
  within CNN+BiLSTM        sub-21  seed 6   32.86%     0.9s
  within CNN+BiLSTM        sub-22  seed 6   28.19%     0.7s
  within CNN+BiLSTM        sub-23  seed 6   36.76%     0.6s
  within CNN+BiLSTM        sub-24  seed 6   38.24%     0.7s
  within CNN+BiLSTM        sub-25  seed 6   38.89%     0.8s
  within CNN+BiLSTM        sub-08  seed 7   56.62%     0.9s
  within CNN+BiLSTM        sub-12  seed 7   62.06%     1.0s
  within CNN+BiLSTM        sub-13  seed 7   45.95%     0.8s
  within CNN+BiLSTM        sub-14  seed 7   32.86%     0.6s
  within CNN+BiLSTM        sub-15  seed 7   25.71%     0.7s
  within CNN+BiLSTM        sub-16  seed 7   56.47%     1.0s
  within CNN+BiLSTM        sub-19  seed 7   68.76%     0.9s
  within CNN+BiLSTM        sub-21  seed 7   34.48%     0.7s
  within CNN+BiLSTM        sub-22  seed 7   28.10%     0.9s
  within CNN+BiLSTM        sub-23  seed 7   31.14%     0.6s
  within CNN+BiLSTM        sub-24  seed 7   38.30%     0.7s
  within CNN+BiLSTM        sub-25  seed 7   40.83%     0.6s
  within CNN+BiLSTM        sub-08  seed 8   48.31%     1.0s
  within CNN+BiLSTM        sub-12  seed 8   59.56%     1.1s
  within CNN+BiLSTM        sub-13  seed 8   39.15%     1.0s
  within CNN+BiLSTM        sub-14  seed 8   25.71%     0.6s
  within CNN+BiLSTM        sub-15  seed 8   40.99%     0.8s
  within CNN+BiLSTM        sub-16  seed 8   48.24%     0.9s
  within CNN+BiLSTM        sub-19  seed 8   72.48%     1.1s
  within CNN+BiLSTM        sub-21  seed 8   31.62%     0.7s
  within CNN+BiLSTM        sub-22  seed 8   36.48%     0.8s
  within CNN+BiLSTM        sub-23  seed 8   28.10%     0.7s
  within CNN+BiLSTM        sub-24  seed 8   36.08%     0.9s
  within CNN+BiLSTM        sub-25  seed 8   29.17%     0.9s
  within CNN+BiLSTM        sub-08  seed 9   46.84%     1.0s
  within CNN+BiLSTM        sub-12  seed 9   65.37%     1.0s
  within CNN+BiLSTM        sub-13  seed 9   45.82%     0.8s
  within CNN+BiLSTM        sub-14  seed 9   21.43%     0.7s
  within CNN+BiLSTM        sub-15  seed 9   39.45%     0.8s
  within CNN+BiLSTM        sub-16  seed 9   55.29%     0.7s
  within CNN+BiLSTM        sub-19  seed 9   72.48%     1.2s
  within CNN+BiLSTM        sub-21  seed 9   32.57%     0.6s
  within CNN+BiLSTM        sub-22  seed 9   32.38%     0.7s
  within CNN+BiLSTM        sub-23  seed 9   37.81%     0.6s
  within CNN+BiLSTM        sub-24  seed 9   38.43%     0.7s
  within CNN+BiLSTM        sub-25  seed 9   25.00%     0.8s
  within Transformer       sub-08  seed 0   59.71%     1.5s
  within Transformer       sub-12  seed 0   69.04%     1.2s
  within Transformer       sub-13  seed 0   50.78%     1.7s
  within Transformer       sub-14  seed 0   27.14%     0.9s
  within Transformer       sub-15  seed 0   42.53%     1.0s
  within Transformer       sub-16  seed 0   68.24%     1.5s
  within Transformer       sub-19  seed 0   79.28%     1.3s
  within Transformer       sub-21  seed 0   56.29%     1.5s
  within Transformer       sub-22  seed 0   40.67%     0.9s
  within Transformer       sub-23  seed 0   28.19%     0.9s
  within Transformer       sub-24  seed 0   59.15%     1.3s
  within Transformer       sub-25  seed 0   22.50%     1.0s
  within Transformer       sub-08  seed 1   74.78%     1.8s
  within Transformer       sub-12  seed 1   72.35%     1.2s
  within Transformer       sub-13  seed 1   47.32%     1.4s
  within Transformer       sub-14  seed 1   41.43%     1.0s
  within Transformer       sub-15  seed 1   36.37%     0.9s
  within Transformer       sub-16  seed 1   61.18%     1.4s
  within Transformer       sub-19  seed 1   75.88%     1.4s
  within Transformer       sub-21  seed 1   39.90%     1.1s
  within Transformer       sub-22  seed 1   40.86%     1.3s
  within Transformer       sub-23  seed 1   36.57%     1.1s
  within Transformer       sub-24  seed 1   54.44%     1.4s
  within Transformer       sub-25  seed 1   31.39%     0.9s
  within Transformer       sub-08  seed 2   70.15%     1.9s
  within Transformer       sub-12  seed 2   73.68%     1.4s
  within Transformer       sub-13  seed 2   48.43%     1.6s
  within Transformer       sub-14  seed 2   31.43%     1.2s
  within Transformer       sub-15  seed 2   41.10%     1.4s
  within Transformer       sub-16  seed 2   57.65%     1.2s
  within Transformer       sub-19  seed 2   86.27%     1.3s
  within Transformer       sub-21  seed 2   45.14%     1.3s
  within Transformer       sub-22  seed 2   30.86%     1.1s
  within Transformer       sub-23  seed 2   33.71%     1.5s
  within Transformer       sub-24  seed 2   63.99%     1.5s
  within Transformer       sub-25  seed 2   22.22%     1.1s
  within Transformer       sub-08  seed 3   61.54%     1.1s
  within Transformer       sub-12  seed 3   72.79%     1.3s
  within Transformer       sub-13  seed 3   57.52%     1.5s
  within Transformer       sub-14  seed 3   32.86%     0.9s
  within Transformer       sub-15  seed 3   39.12%     1.1s
  within Transformer       sub-16  seed 3   69.41%     1.4s
  within Transformer       sub-19  seed 3   78.30%     1.3s
  within Transformer       sub-21  seed 3   48.19%     1.4s
  within Transformer       sub-22  seed 3   36.57%     1.3s
  within Transformer       sub-23  seed 3   32.38%     1.4s
  within Transformer       sub-24  seed 3   58.24%     1.3s
  within Transformer       sub-25  seed 3   38.33%     0.9s
  within Transformer       sub-08  seed 4   63.82%     1.2s
  within Transformer       sub-12  seed 4   78.46%     1.4s
  within Transformer       sub-13  seed 4   46.01%     1.7s
  within Transformer       sub-14  seed 4   30.00%     0.9s
  within Transformer       sub-15  seed 4   43.96%     0.9s
  within Transformer       sub-16  seed 4   63.53%     1.6s
  within Transformer       sub-19  seed 4   72.29%     1.5s
  within Transformer       sub-21  seed 4   43.62%     1.2s
  within Transformer       sub-22  seed 4   39.71%     1.0s
  within Transformer       sub-23  seed 4   40.86%     1.1s
  within Transformer       sub-24  seed 4   61.57%     1.3s
  within Transformer       sub-25  seed 4   31.94%     1.0s
  within Transformer       sub-08  seed 5   69.85%     1.6s
  within Transformer       sub-12  seed 5   74.93%     1.2s
  within Transformer       sub-13  seed 5   49.67%     1.6s
  within Transformer       sub-14  seed 5   28.57%     1.0s
  within Transformer       sub-15  seed 5   44.18%     1.2s
  within Transformer       sub-16  seed 5   62.35%     1.8s
  within Transformer       sub-19  seed 5   78.24%     1.3s
  within Transformer       sub-21  seed 5   46.38%     1.2s
  within Transformer       sub-22  seed 5   32.29%     1.6s
  within Transformer       sub-23  seed 5   40.86%     1.4s
  within Transformer       sub-24  seed 5   64.18%     1.5s
  within Transformer       sub-25  seed 5   38.89%     1.0s
  within Transformer       sub-08  seed 6   67.35%     1.7s
  within Transformer       sub-12  seed 6   77.43%     1.5s
  within Transformer       sub-13  seed 6   47.12%     1.7s
  within Transformer       sub-14  seed 6   25.71%     1.2s
  within Transformer       sub-15  seed 6   42.31%     1.1s
  within Transformer       sub-16  seed 6   63.53%     1.4s
  within Transformer       sub-19  seed 6   79.41%     1.6s
  within Transformer       sub-21  seed 6   49.05%     1.3s
  within Transformer       sub-22  seed 6   38.95%     1.4s
  within Transformer       sub-23  seed 6   40.95%     1.0s
  within Transformer       sub-24  seed 6   59.28%     1.8s
  within Transformer       sub-25  seed 6   20.28%     1.3s
  within Transformer       sub-08  seed 7   67.50%     1.4s
  within Transformer       sub-12  seed 7   77.35%     1.5s
  within Transformer       sub-13  seed 7   42.75%     1.0s
  within Transformer       sub-14  seed 7   35.71%     1.1s
  within Transformer       sub-15  seed 7   43.96%     1.1s
  within Transformer       sub-16  seed 7   62.35%     1.3s
  within Transformer       sub-19  seed 7   73.53%     1.4s
  within Transformer       sub-21  seed 7   43.90%     1.0s
  within Transformer       sub-22  seed 7   39.52%     1.3s
  within Transformer       sub-23  seed 7   33.81%     1.3s
  within Transformer       sub-24  seed 7   53.46%     1.1s
  within Transformer       sub-25  seed 7   32.22%     1.1s
  within Transformer       sub-08  seed 8   64.12%     1.3s
  within Transformer       sub-12  seed 8   71.54%     1.4s
  within Transformer       sub-13  seed 8   47.06%     1.3s
  within Transformer       sub-14  seed 8   34.29%     1.0s
  within Transformer       sub-15  seed 8   53.08%     1.4s
  within Transformer       sub-16  seed 8   65.88%     1.0s
  within Transformer       sub-19  seed 8   84.12%     1.6s
  within Transformer       sub-21  seed 8   42.29%     1.3s
  within Transformer       sub-22  seed 8   39.24%     1.4s
  within Transformer       sub-23  seed 8   42.00%     1.3s
  within Transformer       sub-24  seed 8   56.08%     1.7s
  within Transformer       sub-25  seed 8   22.50%     1.1s
  within Transformer       sub-08  seed 9   67.35%     1.4s
  within Transformer       sub-12  seed 9   67.87%     1.0s
  within Transformer       sub-13  seed 9   44.05%     1.3s
  within Transformer       sub-14  seed 9   34.29%     0.9s
  within Transformer       sub-15  seed 9   46.92%     1.2s
  within Transformer       sub-16  seed 9   58.82%     1.1s
  within Transformer       sub-19  seed 9   82.81%     1.3s
  within Transformer       sub-21  seed 9   49.24%     1.0s
  within Transformer       sub-22  seed 9   40.76%     1.1s
  within Transformer       sub-23  seed 9   36.48%     1.1s
  within Transformer       sub-24  seed 9   61.63%     1.8s
  within Transformer       sub-25  seed 9   31.39%     1.0s
  within CNN+TemporalAttn  sub-08  seed 0   76.03%     0.9s
  within CNN+TemporalAttn  sub-12  seed 0   85.59%     0.8s
  within CNN+TemporalAttn  sub-13  seed 0   49.35%     1.0s
  within CNN+TemporalAttn  sub-14  seed 0   30.00%     0.5s
  within CNN+TemporalAttn  sub-15  seed 0   27.03%     0.6s
  within CNN+TemporalAttn  sub-16  seed 0   69.41%     0.7s
  within CNN+TemporalAttn  sub-19  seed 0   76.93%     0.7s
  within CNN+TemporalAttn  sub-21  seed 0   45.14%     0.6s
  within CNN+TemporalAttn  sub-22  seed 0   33.62%     0.5s
  within CNN+TemporalAttn  sub-23  seed 0   36.57%     0.6s
  within CNN+TemporalAttn  sub-24  seed 0   54.58%     0.9s
  within CNN+TemporalAttn  sub-25  seed 0   36.39%     0.4s
  within CNN+TemporalAttn  sub-08  seed 1   68.60%     0.7s
  within CNN+TemporalAttn  sub-12  seed 1   82.06%     0.6s
  within CNN+TemporalAttn  sub-13  seed 1   41.44%     0.7s
  within CNN+TemporalAttn  sub-14  seed 1   31.43%     0.6s
  within CNN+TemporalAttn  sub-15  seed 1   34.95%     0.5s
  within CNN+TemporalAttn  sub-16  seed 1   75.29%     0.7s
  within CNN+TemporalAttn  sub-19  seed 1   75.95%     0.8s
  within CNN+TemporalAttn  sub-21  seed 1   47.81%     0.5s
  within CNN+TemporalAttn  sub-22  seed 1   42.10%     0.8s
  within CNN+TemporalAttn  sub-23  seed 1   39.33%     0.5s
  within CNN+TemporalAttn  sub-24  seed 1   53.27%     0.7s
  within CNN+TemporalAttn  sub-25  seed 1   45.28%     0.4s
  within CNN+TemporalAttn  sub-08  seed 2   62.50%     0.7s
  within CNN+TemporalAttn  sub-12  seed 2   84.56%     0.7s
  within CNN+TemporalAttn  sub-13  seed 2   38.04%     0.6s
  within CNN+TemporalAttn  sub-14  seed 2   32.86%     0.4s
  within CNN+TemporalAttn  sub-15  seed 2   34.84%     0.4s
  within CNN+TemporalAttn  sub-16  seed 2   55.29%     0.8s
  within CNN+TemporalAttn  sub-19  seed 2   72.61%     0.6s
  within CNN+TemporalAttn  sub-21  seed 2   38.19%     0.7s
  within CNN+TemporalAttn  sub-22  seed 2   43.71%     0.7s
  within CNN+TemporalAttn  sub-23  seed 2   42.29%     0.6s
  within CNN+TemporalAttn  sub-24  seed 2   59.22%     0.8s
  within CNN+TemporalAttn  sub-25  seed 2   43.33%     0.4s
  within CNN+TemporalAttn  sub-08  seed 3   74.93%     0.7s
  within CNN+TemporalAttn  sub-12  seed 3   81.10%     0.8s
  within CNN+TemporalAttn  sub-13  seed 3   53.92%     0.7s
  within CNN+TemporalAttn  sub-14  seed 3   38.57%     0.4s
  within CNN+TemporalAttn  sub-15  seed 3   31.54%     0.5s
  within CNN+TemporalAttn  sub-16  seed 3   70.59%     0.6s
  within CNN+TemporalAttn  sub-19  seed 3   78.04%     0.6s
  within CNN+TemporalAttn  sub-21  seed 3   44.95%     0.7s
  within CNN+TemporalAttn  sub-22  seed 3   42.38%     0.6s
  within CNN+TemporalAttn  sub-23  seed 3   36.76%     0.6s
  within CNN+TemporalAttn  sub-24  seed 3   60.52%     0.8s
  within CNN+TemporalAttn  sub-25  seed 3   41.39%     0.6s
  within CNN+TemporalAttn  sub-08  seed 4   75.96%     0.9s
  within CNN+TemporalAttn  sub-12  seed 4   79.93%     0.9s
  within CNN+TemporalAttn  sub-13  seed 4   41.44%     0.7s
  within CNN+TemporalAttn  sub-14  seed 4   35.71%     0.5s
  within CNN+TemporalAttn  sub-15  seed 4   36.70%     0.6s
  within CNN+TemporalAttn  sub-16  seed 4   67.06%     0.6s
  within CNN+TemporalAttn  sub-19  seed 4   80.33%     0.6s
  within CNN+TemporalAttn  sub-21  seed 4   48.10%     0.6s
  within CNN+TemporalAttn  sub-22  seed 4   40.95%     0.6s
  within CNN+TemporalAttn  sub-23  seed 4   38.10%     0.6s
  within CNN+TemporalAttn  sub-24  seed 4   43.01%     0.4s
  within CNN+TemporalAttn  sub-25  seed 4   27.22%     0.5s
  within CNN+TemporalAttn  sub-08  seed 5   65.15%     0.7s
  within CNN+TemporalAttn  sub-12  seed 5   79.78%     0.8s
  within CNN+TemporalAttn  sub-13  seed 5   55.16%     0.8s
  within CNN+TemporalAttn  sub-14  seed 5   28.57%     0.4s
  within CNN+TemporalAttn  sub-15  seed 5   36.26%     0.5s
  within CNN+TemporalAttn  sub-16  seed 5   72.94%     0.9s
  within CNN+TemporalAttn  sub-19  seed 5   75.88%     0.8s
  within CNN+TemporalAttn  sub-21  seed 5   44.00%     0.8s
  within CNN+TemporalAttn  sub-22  seed 5   35.24%     0.6s
  within CNN+TemporalAttn  sub-23  seed 5   47.90%     0.6s
  within CNN+TemporalAttn  sub-24  seed 5   56.93%     0.7s
  within CNN+TemporalAttn  sub-25  seed 5   32.22%     0.4s
  within CNN+TemporalAttn  sub-08  seed 6   66.25%     0.7s
  within CNN+TemporalAttn  sub-12  seed 6   77.57%     0.6s
  within CNN+TemporalAttn  sub-13  seed 6   47.12%     0.6s
  within CNN+TemporalAttn  sub-14  seed 6   44.29%     0.4s
  within CNN+TemporalAttn  sub-15  seed 6   33.30%     0.5s
  within CNN+TemporalAttn  sub-16  seed 6   76.47%     0.8s
  within CNN+TemporalAttn  sub-19  seed 6   86.21%     0.8s
  within CNN+TemporalAttn  sub-21  seed 6   48.00%     0.7s
  within CNN+TemporalAttn  sub-22  seed 6   40.95%     0.7s
  within CNN+TemporalAttn  sub-23  seed 6   34.00%     0.5s
  within CNN+TemporalAttn  sub-24  seed 6   50.98%     0.7s
  within CNN+TemporalAttn  sub-25  seed 6   36.39%     0.6s
  within CNN+TemporalAttn  sub-08  seed 7   57.79%     0.7s
  within CNN+TemporalAttn  sub-12  seed 7   82.13%     1.0s
  within CNN+TemporalAttn  sub-13  seed 7   43.73%     0.6s
  within CNN+TemporalAttn  sub-14  seed 7   27.14%     0.6s
  within CNN+TemporalAttn  sub-15  seed 7   40.99%     0.7s
  within CNN+TemporalAttn  sub-16  seed 7   60.00%     0.6s
  within CNN+TemporalAttn  sub-19  seed 7   73.46%     0.7s
  within CNN+TemporalAttn  sub-21  seed 7   45.43%     0.7s
  within CNN+TemporalAttn  sub-22  seed 7   46.86%     0.7s
  within CNN+TemporalAttn  sub-23  seed 7   29.52%     0.7s
  within CNN+TemporalAttn  sub-24  seed 7   56.73%     0.7s
  within CNN+TemporalAttn  sub-25  seed 7   34.17%     0.5s
  within CNN+TemporalAttn  sub-08  seed 8   80.96%     0.7s
  within CNN+TemporalAttn  sub-12  seed 8   78.82%     0.6s
  within CNN+TemporalAttn  sub-13  seed 8   47.06%     0.7s
  within CNN+TemporalAttn  sub-14  seed 8   34.29%     0.4s
  within CNN+TemporalAttn  sub-15  seed 8   39.45%     0.6s
  within CNN+TemporalAttn  sub-16  seed 8   71.76%     0.8s
  within CNN+TemporalAttn  sub-19  seed 8   85.16%     0.8s
  within CNN+TemporalAttn  sub-21  seed 8   44.10%     0.7s
  within CNN+TemporalAttn  sub-22  seed 8   48.00%     0.6s
  within CNN+TemporalAttn  sub-23  seed 8   43.81%     0.6s
  within CNN+TemporalAttn  sub-24  seed 8   71.11%     0.9s
  within CNN+TemporalAttn  sub-25  seed 8   43.33%     0.5s
  within CNN+TemporalAttn  sub-08  seed 9   68.31%     0.6s
  within CNN+TemporalAttn  sub-12  seed 9   66.62%     0.7s
  within CNN+TemporalAttn  sub-13  seed 9   39.15%     0.6s
  within CNN+TemporalAttn  sub-14  seed 9   17.14%     0.5s
  within CNN+TemporalAttn  sub-15  seed 9   53.19%     0.6s
  within CNN+TemporalAttn  sub-16  seed 9   60.00%     0.5s
  within CNN+TemporalAttn  sub-19  seed 9   72.42%     0.6s
  within CNN+TemporalAttn  sub-21  seed 9   42.19%     0.5s
  within CNN+TemporalAttn  sub-22  seed 9   32.67%     0.6s
  within CNN+TemporalAttn  sub-23  seed 9   33.71%     0.5s
  within CNN+TemporalAttn  sub-24  seed 9   61.57%     0.6s
  within CNN+TemporalAttn  sub-25  seed 9   31.67%     0.4s
  within TCN               sub-08  seed 0   44.34%     2.1s
  within TCN               sub-12  seed 0   60.59%     1.9s
  within TCN               sub-13  seed 0   43.66%     1.6s
  within TCN               sub-14  seed 0   25.71%     1.1s
  within TCN               sub-15  seed 0   36.48%     1.2s
  within TCN               sub-16  seed 0   40.00%     1.2s
  within TCN               sub-19  seed 0   63.14%     1.8s
  within TCN               sub-21  seed 0   32.76%     1.4s
  within TCN               sub-22  seed 0   35.33%     1.3s
  within TCN               sub-23  seed 0   39.62%     1.4s
  within TCN               sub-24  seed 0   41.83%     2.1s
  within TCN               sub-25  seed 0   36.67%     1.5s
  within TCN               sub-08  seed 1   44.85%     1.7s
  within TCN               sub-12  seed 1   60.81%     1.9s
  within TCN               sub-13  seed 1   27.71%     1.3s
  within TCN               sub-14  seed 1   34.29%     1.1s
  within TCN               sub-15  seed 1   35.16%     1.2s
  within TCN               sub-16  seed 1   51.76%     2.2s
  within TCN               sub-19  seed 1   69.22%     2.3s
  within TCN               sub-21  seed 1   34.10%     1.6s
  within TCN               sub-22  seed 1   24.29%     2.0s
  within TCN               sub-23  seed 1   39.62%     1.1s
  within TCN               sub-24  seed 1   24.44%     1.7s
  within TCN               sub-25  seed 1   29.17%     1.1s
  within TCN               sub-08  seed 2   39.71%     1.9s
  within TCN               sub-12  seed 2   71.47%     2.2s
  within TCN               sub-13  seed 2   39.15%     1.6s
  within TCN               sub-14  seed 2   41.43%     1.1s
  within TCN               sub-15  seed 2   25.71%     1.3s
  within TCN               sub-16  seed 2   44.71%     2.5s
  within TCN               sub-19  seed 2   61.96%     2.1s
  within TCN               sub-21  seed 2   33.05%     1.3s
  within TCN               sub-22  seed 2   34.19%     1.6s
  within TCN               sub-23  seed 2   36.48%     1.1s
  within TCN               sub-24  seed 2   36.01%     1.2s
  within TCN               sub-25  seed 2   41.11%     1.0s
  within TCN               sub-08  seed 3   28.82%     1.5s
  within TCN               sub-12  seed 3   69.26%     2.3s
  within TCN               sub-13  seed 3   38.95%     1.4s
  within TCN               sub-14  seed 3   37.14%     1.1s
  within TCN               sub-15  seed 3   31.76%     1.4s
  within TCN               sub-16  seed 3   47.06%     2.4s
  within TCN               sub-19  seed 3   60.46%     2.0s
  within TCN               sub-21  seed 3   33.90%     1.5s
  within TCN               sub-22  seed 3   36.57%     1.0s
  within TCN               sub-23  seed 3   42.10%     1.2s
  within TCN               sub-24  seed 3   41.83%     2.8s
  within TCN               sub-25  seed 3   29.44%     1.3s
  within TCN               sub-08  seed 4   41.10%     1.2s
  within TCN               sub-12  seed 4   60.81%     2.3s
  within TCN               sub-13  seed 4   33.40%     1.6s
  within TCN               sub-14  seed 4   28.57%     1.0s
  within TCN               sub-15  seed 4   36.48%     1.3s
  within TCN               sub-16  seed 4   42.35%     1.5s
  within TCN               sub-19  seed 4   70.13%     2.3s
  within TCN               sub-21  seed 4   42.38%     1.2s
  within TCN               sub-22  seed 4   29.52%     1.5s
  within TCN               sub-23  seed 4   29.43%     1.2s
  within TCN               sub-24  seed 4   36.08%     1.2s
  within TCN               sub-25  seed 4   27.50%     1.3s
  within TCN               sub-08  seed 5   44.41%     2.0s
  within TCN               sub-12  seed 5   66.69%     2.2s
  within TCN               sub-13  seed 5   36.93%     1.7s
  within TCN               sub-14  seed 5   25.71%     1.2s
  within TCN               sub-15  seed 5   39.45%     1.1s
  within TCN               sub-16  seed 5   48.24%     2.3s
  within TCN               sub-19  seed 5   57.78%     2.3s
  within TCN               sub-21  seed 5   30.29%     1.3s
  within TCN               sub-22  seed 5   28.19%     1.3s
  within TCN               sub-23  seed 5   36.57%     1.3s
  within TCN               sub-24  seed 5   38.37%     2.1s
  within TCN               sub-25  seed 5   30.00%     1.3s
  within TCN               sub-08  seed 6   48.09%     2.0s
  within TCN               sub-12  seed 6   69.04%     2.4s
  within TCN               sub-13  seed 6   28.95%     1.5s
  within TCN               sub-14  seed 6   32.86%     1.1s
  within TCN               sub-15  seed 6   31.98%     1.5s
  within TCN               sub-16  seed 6   50.59%     1.7s
  within TCN               sub-19  seed 6   73.73%     2.1s
  within TCN               sub-21  seed 6   31.52%     1.2s
  within TCN               sub-22  seed 6   29.62%     1.6s
  within TCN               sub-23  seed 6   29.52%     1.3s
  within TCN               sub-24  seed 6   39.41%     1.8s
  within TCN               sub-25  seed 6   34.17%     2.1s
  within TCN               sub-08  seed 7   47.06%     1.8s
  within TCN               sub-12  seed 7   70.51%     2.4s
  within TCN               sub-13  seed 7   26.41%     1.1s
  within TCN               sub-14  seed 7   38.57%     1.0s
  within TCN               sub-15  seed 7   25.82%     1.5s
  within TCN               sub-16  seed 7   56.47%     1.6s
  within TCN               sub-19  seed 7   63.27%     2.2s
  within TCN               sub-21  seed 7   27.24%     1.3s
  within TCN               sub-22  seed 7   29.62%     1.3s
  within TCN               sub-23  seed 7   33.90%     1.3s
  within TCN               sub-24  seed 7   40.59%     2.0s
  within TCN               sub-25  seed 7   40.83%     1.1s
  within TCN               sub-08  seed 8   48.31%     2.0s
  within TCN               sub-12  seed 8   73.90%     1.9s
  within TCN               sub-13  seed 8   40.33%     1.8s
  within TCN               sub-14  seed 8   38.57%     1.5s
  within TCN               sub-15  seed 8   18.24%     1.9s
  within TCN               sub-16  seed 8   36.47%     1.7s
  within TCN               sub-19  seed 8   73.40%     2.2s
  within TCN               sub-21  seed 8   35.52%     1.3s
  within TCN               sub-22  seed 8   41.05%     1.3s
  within TCN               sub-23  seed 8   29.62%     1.5s
  within TCN               sub-24  seed 8   43.07%     1.7s
  within TCN               sub-25  seed 8   17.78%     1.1s
  within TCN               sub-08  seed 9   39.56%     1.5s
  within TCN               sub-12  seed 9   66.76%     2.1s
  within TCN               sub-13  seed 9   41.18%     1.6s
  within TCN               sub-14  seed 9   27.14%     1.2s
  within TCN               sub-15  seed 9   28.57%     1.3s
  within TCN               sub-16  seed 9   45.88%     1.7s
  within TCN               sub-19  seed 9   57.78%     2.0s
  within TCN               sub-21  seed 9   40.86%     1.2s
  within TCN               sub-22  seed 9   26.67%     1.3s
  within TCN               sub-23  seed 9   29.71%     1.2s
  within TCN               sub-24  seed 9   31.31%     1.6s
  within TCN               sub-25  seed 9   38.61%     1.4s
  within InceptionTime     sub-08  seed 0   69.63%     3.3s
  within InceptionTime     sub-12  seed 0   78.60%     2.7s
  within InceptionTime     sub-13  seed 0   45.03%     2.0s
  within InceptionTime     sub-14  seed 0   40.00%     1.7s
  within InceptionTime     sub-15  seed 0   31.98%     2.1s
  within InceptionTime     sub-16  seed 0   70.59%     2.9s
  within InceptionTime     sub-19  seed 0   79.35%     2.9s
  within InceptionTime     sub-21  seed 0   52.10%     3.0s
  within InceptionTime     sub-22  seed 0   57.43%     3.2s
  within InceptionTime     sub-23  seed 0   37.90%     1.9s
  within InceptionTime     sub-24  seed 0   51.24%     2.7s
  within InceptionTime     sub-25  seed 0   33.33%     1.7s
  within InceptionTime     sub-08  seed 1   68.53%     2.9s
  within InceptionTime     sub-12  seed 1   84.56%     2.5s
  within InceptionTime     sub-13  seed 1   46.93%     2.7s
  within InceptionTime     sub-14  seed 1   30.00%     2.2s
  within InceptionTime     sub-15  seed 1   37.80%     1.9s
  within InceptionTime     sub-16  seed 1   56.47%     2.0s
  within InceptionTime     sub-19  seed 1   80.46%     2.7s
  within InceptionTime     sub-21  seed 1   41.24%     2.3s
  within InceptionTime     sub-22  seed 1   43.71%     2.3s
  within InceptionTime     sub-23  seed 1   35.33%     2.2s
  within InceptionTime     sub-24  seed 1   57.91%     3.1s
  within InceptionTime     sub-25  seed 1   38.06%     2.1s
  within InceptionTime     sub-08  seed 2   68.68%     3.2s
  within InceptionTime     sub-12  seed 2   65.00%     2.3s
  within InceptionTime     sub-13  seed 2   44.84%     2.3s
  within InceptionTime     sub-14  seed 2   28.57%     2.2s
  within InceptionTime     sub-15  seed 2   39.78%     2.2s
  within InceptionTime     sub-16  seed 2   61.18%     2.8s
  within InceptionTime     sub-19  seed 2   86.08%     3.1s
  within InceptionTime     sub-21  seed 2   49.33%     2.4s
  within InceptionTime     sub-22  seed 2   43.71%     2.5s
  within InceptionTime     sub-23  seed 2   39.43%     2.6s
  within InceptionTime     sub-24  seed 2   60.39%     2.9s
  within InceptionTime     sub-25  seed 2   43.33%     2.1s
  within InceptionTime     sub-08  seed 3   72.43%     3.0s
  within InceptionTime     sub-12  seed 3   82.21%     2.8s
  within InceptionTime     sub-13  seed 3   40.07%     2.3s
  within InceptionTime     sub-14  seed 3   32.86%     1.7s
  within InceptionTime     sub-15  seed 3   42.53%     2.6s
  within InceptionTime     sub-16  seed 3   69.41%     2.9s
  within InceptionTime     sub-19  seed 3   82.94%     2.5s
  within InceptionTime     sub-21  seed 3   50.76%     2.3s
  within InceptionTime     sub-22  seed 3   46.67%     2.5s
  within InceptionTime     sub-23  seed 3   36.57%     2.1s
  within InceptionTime     sub-24  seed 3   65.36%     3.1s
  within InceptionTime     sub-25  seed 3   13.89%     2.1s
  within InceptionTime     sub-08  seed 4   71.10%     3.1s
  within InceptionTime     sub-12  seed 4   83.31%     2.5s
  within InceptionTime     sub-13  seed 4   44.84%     2.2s
  within InceptionTime     sub-14  seed 4   22.86%     1.9s
  within InceptionTime     sub-15  seed 4   38.13%     2.8s
  within InceptionTime     sub-16  seed 4   75.29%     2.4s
  within InceptionTime     sub-19  seed 4   80.52%     2.7s
  within InceptionTime     sub-21  seed 4   39.71%     2.2s
  within InceptionTime     sub-22  seed 4   40.67%     2.1s
  within InceptionTime     sub-23  seed 4   38.00%     2.3s
  within InceptionTime     sub-24  seed 4   55.75%     2.4s
  within InceptionTime     sub-25  seed 4   31.94%     2.1s
  within InceptionTime     sub-08  seed 5   75.96%     3.2s
  within InceptionTime     sub-12  seed 5   84.56%     2.2s
  within InceptionTime     sub-13  seed 5   56.21%     2.8s
  within InceptionTime     sub-14  seed 5   24.29%     2.3s
  within InceptionTime     sub-15  seed 5   41.10%     2.3s
  within InceptionTime     sub-16  seed 5   74.12%     3.0s
  within InceptionTime     sub-19  seed 5   71.37%     2.3s
  within InceptionTime     sub-21  seed 5   53.33%     2.4s
  within InceptionTime     sub-22  seed 5   52.00%     3.0s
  within InceptionTime     sub-23  seed 5   39.62%     2.2s
  within InceptionTime     sub-24  seed 5   55.82%     2.3s
  within InceptionTime     sub-25  seed 5   33.61%     2.1s
  within InceptionTime     sub-08  seed 6   68.60%     3.1s
  within InceptionTime     sub-12  seed 6   84.71%     2.7s
  within InceptionTime     sub-13  seed 6   54.05%     3.0s
  within InceptionTime     sub-14  seed 6   25.71%     2.4s
  within InceptionTime     sub-15  seed 6   34.73%     2.3s
  within InceptionTime     sub-16  seed 6   65.88%     2.9s
  within InceptionTime     sub-19  seed 6   85.16%     2.9s
  within InceptionTime     sub-21  seed 6   50.29%     2.7s
  within InceptionTime     sub-22  seed 6   32.57%     2.6s
  within InceptionTime     sub-23  seed 6   29.81%     2.4s
  within InceptionTime     sub-24  seed 6   54.58%     2.9s
  within InceptionTime     sub-25  seed 6   29.72%     2.1s
  within InceptionTime     sub-08  seed 7   72.43%     3.1s
  within InceptionTime     sub-12  seed 7   85.81%     2.8s
  within InceptionTime     sub-13  seed 7   54.31%     2.2s
  within InceptionTime     sub-14  seed 7   24.29%     2.2s
  within InceptionTime     sub-15  seed 7   48.57%     2.6s
  within InceptionTime     sub-16  seed 7   67.06%     2.2s
  within InceptionTime     sub-19  seed 7   81.63%     2.8s
  within InceptionTime     sub-21  seed 7   52.10%     2.6s
  within InceptionTime     sub-22  seed 7   53.33%     3.3s
  within InceptionTime     sub-23  seed 7   33.90%     2.3s
  within InceptionTime     sub-24  seed 7   59.28%     2.9s
  within InceptionTime     sub-25  seed 7   43.33%     2.2s
  within InceptionTime     sub-08  seed 8   73.75%     3.1s
  within InceptionTime     sub-12  seed 8   76.40%     2.3s
  within InceptionTime     sub-13  seed 8   51.70%     3.1s
  within InceptionTime     sub-14  seed 8   28.57%     1.7s
  within InceptionTime     sub-15  seed 8   43.74%     2.3s
  within InceptionTime     sub-16  seed 8   60.00%     3.0s
  within InceptionTime     sub-19  seed 8   86.14%     2.4s
  within InceptionTime     sub-21  seed 8   44.95%     2.5s
  within InceptionTime     sub-22  seed 8   36.67%     2.3s
  within InceptionTime     sub-23  seed 8   39.14%     2.5s
  within InceptionTime     sub-24  seed 8   67.52%     3.2s
  within InceptionTime     sub-25  seed 8   27.22%     1.9s
  within InceptionTime     sub-08  seed 9   67.21%     2.4s
  within InceptionTime     sub-12  seed 9   78.60%     2.4s
  within InceptionTime     sub-13  seed 9   46.08%     3.0s
  within InceptionTime     sub-14  seed 9   27.14%     2.3s
  within InceptionTime     sub-15  seed 9   42.53%     2.1s
  within InceptionTime     sub-16  seed 9   65.88%     2.4s
  within InceptionTime     sub-19  seed 9   77.06%     2.4s
  within InceptionTime     sub-21  seed 9   50.67%     2.5s
  within InceptionTime     sub-22  seed 9   40.86%     2.2s
  within InceptionTime     sub-23  seed 9   40.76%     2.3s
  within InceptionTime     sub-24  seed 9   63.99%     3.5s
  within InceptionTime     sub-25  seed 9   36.11%     1.8s
  within GRU+Attention     sub-08  seed 0   62.57%     0.8s
  within GRU+Attention     sub-12  seed 0   77.43%     0.7s
  within GRU+Attention     sub-13  seed 0   39.41%     0.6s
  within GRU+Attention     sub-14  seed 0   37.14%     0.4s
  within GRU+Attention     sub-15  seed 0   37.69%     0.6s
  within GRU+Attention     sub-16  seed 0   49.41%     0.5s
  within GRU+Attention     sub-19  seed 0   78.17%     0.7s
  within GRU+Attention     sub-21  seed 0   45.14%     0.7s
  within GRU+Attention     sub-22  seed 0   33.62%     0.5s
  within GRU+Attention     sub-23  seed 0   40.95%     0.4s
  within GRU+Attention     sub-24  seed 0   47.58%     0.5s
  within GRU+Attention     sub-25  seed 0   32.22%     0.4s
  within GRU+Attention     sub-08  seed 1   58.01%     0.7s
  within GRU+Attention     sub-12  seed 1   74.93%     0.6s
  within GRU+Attention     sub-13  seed 1   50.46%     0.4s
  within GRU+Attention     sub-14  seed 1   28.57%     0.5s
  within GRU+Attention     sub-15  seed 1   28.90%     0.4s
  within GRU+Attention     sub-16  seed 1   65.88%     0.6s
  within GRU+Attention     sub-19  seed 1   75.69%     0.8s
  within GRU+Attention     sub-21  seed 1   30.29%     0.5s
  within GRU+Attention     sub-22  seed 1   32.57%     0.5s
  within GRU+Attention     sub-23  seed 1   32.48%     0.6s
  within GRU+Attention     sub-24  seed 1   49.74%     0.7s
  within GRU+Attention     sub-25  seed 1   45.28%     0.4s
  within GRU+Attention     sub-08  seed 2   53.68%     0.6s
  within GRU+Attention     sub-12  seed 2   78.60%     0.7s
  within GRU+Attention     sub-13  seed 2   34.44%     0.5s
  within GRU+Attention     sub-14  seed 2   30.00%     0.5s
  within GRU+Attention     sub-15  seed 2   52.97%     0.4s
  within GRU+Attention     sub-16  seed 2   57.65%     0.5s
  within GRU+Attention     sub-19  seed 2   67.78%     0.7s
  within GRU+Attention     sub-21  seed 2   43.62%     0.6s
  within GRU+Attention     sub-22  seed 2   36.57%     0.6s
  within GRU+Attention     sub-23  seed 2   25.33%     0.5s
  within GRU+Attention     sub-24  seed 2   46.47%     0.6s
  within GRU+Attention     sub-25  seed 2   22.50%     0.5s
  within GRU+Attention     sub-08  seed 3   67.57%     0.8s
  within GRU+Attention     sub-12  seed 3   71.54%     0.7s
  within GRU+Attention     sub-13  seed 3   42.48%     0.5s
  within GRU+Attention     sub-14  seed 3   31.43%     0.4s
  within GRU+Attention     sub-15  seed 3   34.95%     0.4s
  within GRU+Attention     sub-16  seed 3   68.24%     0.7s
  within GRU+Attention     sub-19  seed 3   78.30%     0.6s
  within GRU+Attention     sub-21  seed 3   50.57%     0.5s
  within GRU+Attention     sub-22  seed 3   43.71%     0.8s
  within GRU+Attention     sub-23  seed 3   35.05%     0.5s
  within GRU+Attention     sub-24  seed 3   53.59%     0.7s
  within GRU+Attention     sub-25  seed 3   40.83%     0.4s
  within GRU+Attention     sub-08  seed 4   48.01%     0.5s
  within GRU+Attention     sub-12  seed 4   81.99%     0.6s
  within GRU+Attention     sub-13  seed 4   40.13%     0.5s
  within GRU+Attention     sub-14  seed 4   34.29%     0.4s
  within GRU+Attention     sub-15  seed 4   36.37%     0.6s
  within GRU+Attention     sub-16  seed 4   68.24%     0.5s
  within GRU+Attention     sub-19  seed 4   74.64%     0.6s
  within GRU+Attention     sub-21  seed 4   50.38%     0.6s
  within GRU+Attention     sub-22  seed 4   47.81%     0.4s
  within GRU+Attention     sub-23  seed 4   35.24%     0.5s
  within GRU+Attention     sub-24  seed 4   52.61%     0.6s
  within GRU+Attention     sub-25  seed 4   31.67%     0.4s
  within GRU+Attention     sub-08  seed 5   60.22%     0.6s
  within GRU+Attention     sub-12  seed 5   60.66%     0.7s
  within GRU+Attention     sub-13  seed 5   44.64%     0.6s
  within GRU+Attention     sub-14  seed 5   20.00%     0.5s
  within GRU+Attention     sub-15  seed 5   33.41%     0.4s
  within GRU+Attention     sub-16  seed 5   62.35%     0.6s
  within GRU+Attention     sub-19  seed 5   71.37%     0.6s
  within GRU+Attention     sub-21  seed 5   45.52%     0.6s
  within GRU+Attention     sub-22  seed 5   32.38%     0.4s
  within GRU+Attention     sub-23  seed 5   36.57%     0.5s
  within GRU+Attention     sub-24  seed 5   47.71%     0.5s
  within GRU+Attention     sub-25  seed 5   48.06%     0.4s
  within GRU+Attention     sub-08  seed 6   64.71%     0.7s
  within GRU+Attention     sub-12  seed 6   71.47%     0.7s
  within GRU+Attention     sub-13  seed 6   42.42%     0.5s
  within GRU+Attention     sub-14  seed 6   27.14%     0.5s
  within GRU+Attention     sub-15  seed 6   36.37%     0.6s
  within GRU+Attention     sub-16  seed 6   51.76%     0.6s
  within GRU+Attention     sub-19  seed 6   78.30%     0.6s
  within GRU+Attention     sub-21  seed 6   37.33%     0.6s
  within GRU+Attention     sub-22  seed 6   45.05%     0.4s
  within GRU+Attention     sub-23  seed 6   41.05%     0.5s
  within GRU+Attention     sub-24  seed 6   48.69%     0.6s
  within GRU+Attention     sub-25  seed 6   48.06%     0.4s
  within GRU+Attention     sub-08  seed 7   59.04%     0.6s
  within GRU+Attention     sub-12  seed 7   80.96%     0.7s
  within GRU+Attention     sub-13  seed 7   34.58%     0.5s
  within GRU+Attention     sub-14  seed 7   28.57%     0.5s
  within GRU+Attention     sub-15  seed 7   39.56%     0.4s
  within GRU+Attention     sub-16  seed 7   61.18%     0.5s
  within GRU+Attention     sub-19  seed 7   70.07%     0.7s
  within GRU+Attention     sub-21  seed 7   46.76%     0.5s
  within GRU+Attention     sub-22  seed 7   28.00%     0.5s
  within GRU+Attention     sub-23  seed 7   32.57%     0.5s
  within GRU+Attention     sub-24  seed 7   58.24%     0.6s
  within GRU+Attention     sub-25  seed 7   34.17%     0.4s
  within GRU+Attention     sub-08  seed 8   67.57%     0.7s
  within GRU+Attention     sub-12  seed 8   72.65%     0.5s
  within GRU+Attention     sub-13  seed 8   40.26%     0.6s
  within GRU+Attention     sub-14  seed 8   34.29%     0.3s
  within GRU+Attention     sub-15  seed 8   34.73%     0.5s
  within GRU+Attention     sub-16  seed 8   57.65%     0.5s
  within GRU+Attention     sub-19  seed 8   77.25%     0.8s
  within GRU+Attention     sub-21  seed 8   38.38%     0.5s
  within GRU+Attention     sub-22  seed 8   44.86%     0.4s
  within GRU+Attention     sub-23  seed 8   35.24%     0.4s
  within GRU+Attention     sub-24  seed 8   43.14%     0.6s
  within GRU+Attention     sub-25  seed 8   39.17%     0.3s
  within GRU+Attention     sub-08  seed 9   61.32%     0.6s
  within GRU+Attention     sub-12  seed 9   72.72%     0.5s
  within GRU+Attention     sub-13  seed 9   55.23%     0.5s
  within GRU+Attention     sub-14  seed 9   31.43%     0.5s
  within GRU+Attention     sub-15  seed 9   36.26%     0.4s
  within GRU+Attention     sub-16  seed 9   51.76%     0.4s
  within GRU+Attention     sub-19  seed 9   74.84%     0.6s
  within GRU+Attention     sub-21  seed 9   53.05%     0.4s
  within GRU+Attention     sub-22  seed 9   39.43%     0.4s
  within GRU+Attention     sub-23  seed 9   40.57%     0.5s
  within GRU+Attention     sub-24  seed 9   48.76%     0.7s
  within GRU+Attention     sub-25  seed 9   28.89%     0.3s
  loso   HemoNet           sub-08  seed 0   55.42%     1.1s
  loso   HemoNet           sub-12  seed 0   42.86%     1.6s
  loso   HemoNet           sub-13  seed 0   37.93%     0.7s
  loso   HemoNet           sub-14  seed 0   30.00%     0.9s
  loso   HemoNet           sub-15  seed 0   39.39%     0.8s
  loso   HemoNet           sub-16  seed 0   42.35%     0.8s
  loso   HemoNet           sub-19  seed 0   37.93%     0.9s
  loso   HemoNet           sub-21  seed 0   45.21%     0.9s
  loso   HemoNet           sub-22  seed 0   43.66%     0.8s
  loso   HemoNet           sub-23  seed 0   39.44%     0.9s
  loso   HemoNet           sub-24  seed 0   50.00%     0.7s
  loso   HemoNet           sub-25  seed 0   31.82%     1.0s
  loso   HemoNet           sub-08  seed 1   57.83%     1.3s
  loso   HemoNet           sub-12  seed 1   57.14%     0.7s
  loso   HemoNet           sub-13  seed 1   33.33%     0.6s
  loso   HemoNet           sub-14  seed 1   22.86%     1.0s
  loso   HemoNet           sub-15  seed 1   40.91%     0.8s
  loso   HemoNet           sub-16  seed 1   58.82%     0.6s
  loso   HemoNet           sub-19  seed 1   37.93%     0.7s
  loso   HemoNet           sub-21  seed 1   39.73%     1.4s
  loso   HemoNet           sub-22  seed 1   42.25%     0.7s
  loso   HemoNet           sub-23  seed 1   36.62%     0.8s
  loso   HemoNet           sub-24  seed 1   50.00%     1.6s
  loso   HemoNet           sub-25  seed 1   36.36%     0.7s
  loso   HemoNet           sub-08  seed 2   44.58%     0.6s
  loso   HemoNet           sub-12  seed 2   55.95%     0.9s
  loso   HemoNet           sub-13  seed 2   36.78%     0.9s
  loso   HemoNet           sub-14  seed 2   27.14%     1.1s
  loso   HemoNet           sub-15  seed 2   46.97%     0.8s
  loso   HemoNet           sub-16  seed 2   50.59%     0.6s
  loso   HemoNet           sub-19  seed 2   37.93%     0.8s
  loso   HemoNet           sub-21  seed 2   42.47%     0.9s
  loso   HemoNet           sub-22  seed 2   45.07%     1.6s
  loso   HemoNet           sub-23  seed 2   28.17%     0.8s
  loso   HemoNet           sub-24  seed 2   55.81%     1.2s
  loso   HemoNet           sub-25  seed 2   29.55%     0.7s
  loso   HemoNet           sub-08  seed 3   55.42%     0.9s
  loso   HemoNet           sub-12  seed 3   70.24%     0.7s
  loso   HemoNet           sub-13  seed 3   39.08%     0.7s
  loso   HemoNet           sub-14  seed 3   25.71%     1.0s
  loso   HemoNet           sub-15  seed 3   31.82%     1.4s
  loso   HemoNet           sub-16  seed 3   50.59%     1.1s
  loso   HemoNet           sub-19  seed 3   40.23%     0.7s
  loso   HemoNet           sub-21  seed 3   47.95%     1.3s
  loso   HemoNet           sub-22  seed 3   43.66%     1.4s
  loso   HemoNet           sub-23  seed 3   36.62%     0.9s
  loso   HemoNet           sub-24  seed 3   47.67%     0.9s
  loso   HemoNet           sub-25  seed 3   40.91%     1.5s
  loso   HemoNet           sub-08  seed 4   61.45%     1.2s
  loso   HemoNet           sub-12  seed 4   48.81%     1.3s
  loso   HemoNet           sub-13  seed 4   32.18%     0.7s
  loso   HemoNet           sub-14  seed 4   28.57%     0.7s
  loso   HemoNet           sub-15  seed 4   43.94%     1.5s
  loso   HemoNet           sub-16  seed 4   51.76%     0.8s
  loso   HemoNet           sub-19  seed 4   36.78%     0.7s
  loso   HemoNet           sub-21  seed 4   36.99%     0.6s
  loso   HemoNet           sub-22  seed 4   39.44%     0.8s
  loso   HemoNet           sub-23  seed 4   30.99%     0.7s
  loso   HemoNet           sub-24  seed 4   52.33%     0.9s
  loso   HemoNet           sub-25  seed 4   27.27%     0.8s
  loso   HemoNet           sub-08  seed 5   48.19%     0.7s
  loso   HemoNet           sub-12  seed 5   53.57%     0.6s
  loso   HemoNet           sub-13  seed 5   34.48%     0.8s
  loso   HemoNet           sub-14  seed 5   37.14%     0.6s
  loso   HemoNet           sub-15  seed 5   34.85%     1.9s
  loso   HemoNet           sub-16  seed 5   58.82%     0.8s
  loso   HemoNet           sub-19  seed 5   44.83%     1.0s
  loso   HemoNet           sub-21  seed 5   46.58%     0.9s
  loso   HemoNet           sub-22  seed 5   40.85%     1.4s
  loso   HemoNet           sub-23  seed 5   35.21%     0.7s
  loso   HemoNet           sub-24  seed 5   58.14%     1.0s
  loso   HemoNet           sub-25  seed 5   38.64%     1.1s
  loso   HemoNet           sub-08  seed 6   50.60%     1.5s
  loso   HemoNet           sub-12  seed 6   54.76%     1.2s
  loso   HemoNet           sub-13  seed 6   36.78%     1.1s
  loso   HemoNet           sub-14  seed 6   25.71%     0.6s
  loso   HemoNet           sub-15  seed 6   40.91%     0.7s
  loso   HemoNet           sub-16  seed 6   45.88%     0.5s
  loso   HemoNet           sub-19  seed 6   47.13%     1.6s
  loso   HemoNet           sub-21  seed 6   38.36%     1.7s
  loso   HemoNet           sub-22  seed 6   43.66%     0.9s
  loso   HemoNet           sub-23  seed 6   26.76%     0.6s
  loso   HemoNet           sub-24  seed 6   43.02%     0.8s
  loso   HemoNet           sub-25  seed 6   36.36%     0.7s
  loso   HemoNet           sub-08  seed 7   54.22%     1.5s
  loso   HemoNet           sub-12  seed 7   52.38%     1.4s
  loso   HemoNet           sub-13  seed 7   33.33%     0.6s
  loso   HemoNet           sub-14  seed 7   30.00%     0.9s
  loso   HemoNet           sub-15  seed 7   43.94%     0.7s
  loso   HemoNet           sub-16  seed 7   44.71%     0.6s
  loso   HemoNet           sub-19  seed 7   39.08%     0.7s
  loso   HemoNet           sub-21  seed 7   41.10%     0.6s
  loso   HemoNet           sub-22  seed 7   50.70%     0.7s
  loso   HemoNet           sub-23  seed 7   35.21%     0.6s
  loso   HemoNet           sub-24  seed 7   53.49%     1.2s
  loso   HemoNet           sub-25  seed 7   38.64%     0.7s
  loso   HemoNet           sub-08  seed 8   57.83%     0.6s
  loso   HemoNet           sub-12  seed 8   65.48%     0.7s
  loso   HemoNet           sub-13  seed 8   32.18%     1.7s
  loso   HemoNet           sub-14  seed 8   27.14%     0.7s
  loso   HemoNet           sub-15  seed 8   45.45%     0.8s
  loso   HemoNet           sub-16  seed 8   51.76%     1.1s
  loso   HemoNet           sub-19  seed 8   41.38%     0.8s
  loso   HemoNet           sub-21  seed 8   32.88%     0.7s
  loso   HemoNet           sub-22  seed 8   45.07%     0.9s
  loso   HemoNet           sub-23  seed 8   43.66%     1.2s
  loso   HemoNet           sub-24  seed 8   53.49%     0.7s
  loso   HemoNet           sub-25  seed 8   29.55%     0.7s
  loso   HemoNet           sub-08  seed 9   54.22%     0.6s
  loso   HemoNet           sub-12  seed 9   58.33%     0.7s
  loso   HemoNet           sub-13  seed 9   39.08%     0.9s
  loso   HemoNet           sub-14  seed 9   35.71%     0.7s
  loso   HemoNet           sub-15  seed 9   36.36%     1.1s
  loso   HemoNet           sub-16  seed 9   48.24%     0.8s
  loso   HemoNet           sub-19  seed 9   40.23%     0.6s
  loso   HemoNet           sub-21  seed 9   39.73%     0.8s
  loso   HemoNet           sub-22  seed 9   47.89%     0.6s
  loso   HemoNet           sub-23  seed 9   30.99%     0.7s
  loso   HemoNet           sub-24  seed 9   41.86%     0.6s
  loso   HemoNet           sub-25  seed 9   36.36%     0.6s
  loso   CNN+BiLSTM        sub-08  seed 0   37.35%     1.0s
  loso   CNN+BiLSTM        sub-12  seed 0   39.29%     1.1s
  loso   CNN+BiLSTM        sub-13  seed 0   41.38%     1.1s
  loso   CNN+BiLSTM        sub-14  seed 0   27.14%     1.1s
  loso   CNN+BiLSTM        sub-15  seed 0   48.48%     2.0s
  loso   CNN+BiLSTM        sub-16  seed 0   41.18%     1.9s
  loso   CNN+BiLSTM        sub-19  seed 0   44.83%     0.7s
  loso   CNN+BiLSTM        sub-21  seed 0   45.21%     1.3s
  loso   CNN+BiLSTM        sub-22  seed 0   45.07%     1.0s
  loso   CNN+BiLSTM        sub-23  seed 0   32.39%     1.1s
  loso   CNN+BiLSTM        sub-24  seed 0   39.53%     2.3s
  loso   CNN+BiLSTM        sub-25  seed 0   25.00%     0.8s
  loso   CNN+BiLSTM        sub-08  seed 1   39.76%     0.7s
  loso   CNN+BiLSTM        sub-12  seed 1   48.81%     0.8s
  loso   CNN+BiLSTM        sub-13  seed 1   33.33%     1.2s
  loso   CNN+BiLSTM        sub-14  seed 1   30.00%     1.3s
  loso   CNN+BiLSTM        sub-15  seed 1   37.88%     0.8s
  loso   CNN+BiLSTM        sub-16  seed 1   45.88%     0.9s
  loso   CNN+BiLSTM        sub-19  seed 1   40.23%     0.8s
  loso   CNN+BiLSTM        sub-21  seed 1   42.47%     2.4s
  loso   CNN+BiLSTM        sub-22  seed 1   42.25%     1.3s
  loso   CNN+BiLSTM        sub-23  seed 1   28.17%     0.7s
  loso   CNN+BiLSTM        sub-24  seed 1   31.40%     1.2s
  loso   CNN+BiLSTM        sub-25  seed 1   43.18%     1.3s
  loso   CNN+BiLSTM        sub-08  seed 2   38.55%     1.1s
  loso   CNN+BiLSTM        sub-12  seed 2   40.48%     1.9s
  loso   CNN+BiLSTM        sub-13  seed 2   29.89%     2.6s
  loso   CNN+BiLSTM        sub-14  seed 2   37.14%     1.3s
  loso   CNN+BiLSTM        sub-15  seed 2   40.91%     0.9s
  loso   CNN+BiLSTM        sub-16  seed 2   38.82%     1.1s
  loso   CNN+BiLSTM        sub-19  seed 2   45.98%     1.0s
  loso   CNN+BiLSTM        sub-21  seed 2   42.47%     0.9s
  loso   CNN+BiLSTM        sub-22  seed 2   33.80%     1.1s
  loso   CNN+BiLSTM        sub-23  seed 2   43.66%     1.8s
  loso   CNN+BiLSTM        sub-24  seed 2   37.21%     0.8s
  loso   CNN+BiLSTM        sub-25  seed 2   31.82%     1.1s
  loso   CNN+BiLSTM        sub-08  seed 3   40.96%     1.7s
  loso   CNN+BiLSTM        sub-12  seed 3   45.24%     1.2s
  loso   CNN+BiLSTM        sub-13  seed 3   36.78%     1.0s
  loso   CNN+BiLSTM        sub-14  seed 3   31.43%     1.0s
  loso   CNN+BiLSTM        sub-15  seed 3   42.42%     0.8s
  loso   CNN+BiLSTM        sub-16  seed 3   47.06%     1.2s
  loso   CNN+BiLSTM        sub-19  seed 3   40.23%     0.9s
  loso   CNN+BiLSTM        sub-21  seed 3   43.84%     1.1s
  loso   CNN+BiLSTM        sub-22  seed 3   38.03%     1.2s
  loso   CNN+BiLSTM        sub-23  seed 3   29.58%     1.5s
  loso   CNN+BiLSTM        sub-24  seed 3   39.53%     1.0s
  loso   CNN+BiLSTM        sub-25  seed 3   40.91%     1.2s
  loso   CNN+BiLSTM        sub-08  seed 4   40.96%     1.2s
  loso   CNN+BiLSTM        sub-12  seed 4   40.48%     0.8s
  loso   CNN+BiLSTM        sub-13  seed 4   28.74%     0.9s
  loso   CNN+BiLSTM        sub-14  seed 4   30.00%     0.9s
  loso   CNN+BiLSTM        sub-15  seed 4   53.03%     1.7s
  loso   CNN+BiLSTM        sub-16  seed 4   40.00%     1.2s
  loso   CNN+BiLSTM        sub-19  seed 4   45.98%     0.8s
  loso   CNN+BiLSTM        sub-21  seed 4   46.58%     1.8s
  loso   CNN+BiLSTM        sub-22  seed 4   39.44%     1.0s
  loso   CNN+BiLSTM        sub-23  seed 4   32.39%     1.9s
  loso   CNN+BiLSTM        sub-24  seed 4   46.51%     2.0s
  loso   CNN+BiLSTM        sub-25  seed 4   38.64%     1.6s
  loso   CNN+BiLSTM        sub-08  seed 5   46.99%     1.4s
  loso   CNN+BiLSTM        sub-12  seed 5   29.76%     1.6s
  loso   CNN+BiLSTM        sub-13  seed 5   31.03%     1.4s
  loso   CNN+BiLSTM        sub-14  seed 5   31.43%     0.9s
  loso   CNN+BiLSTM        sub-15  seed 5   24.24%     1.2s
  loso   CNN+BiLSTM        sub-16  seed 5   49.41%     1.4s
  loso   CNN+BiLSTM        sub-19  seed 5   42.53%     0.9s
  loso   CNN+BiLSTM        sub-21  seed 5   36.99%     0.8s
  loso   CNN+BiLSTM        sub-22  seed 5   40.85%     1.7s
  loso   CNN+BiLSTM        sub-23  seed 5   38.03%     0.9s
  loso   CNN+BiLSTM        sub-24  seed 5   43.02%     0.9s
  loso   CNN+BiLSTM        sub-25  seed 5   31.82%     2.0s
  loso   CNN+BiLSTM        sub-08  seed 6   38.55%     1.2s
  loso   CNN+BiLSTM        sub-12  seed 6   39.29%     1.1s
  loso   CNN+BiLSTM        sub-13  seed 6   28.74%     1.3s
  loso   CNN+BiLSTM        sub-14  seed 6   34.29%     1.5s
  loso   CNN+BiLSTM        sub-15  seed 6   39.39%     1.1s
  loso   CNN+BiLSTM        sub-16  seed 6   35.29%     1.0s
  loso   CNN+BiLSTM        sub-19  seed 6   43.68%     1.0s
  loso   CNN+BiLSTM        sub-21  seed 6   31.51%     0.9s
  loso   CNN+BiLSTM        sub-22  seed 6   43.66%     1.7s
  loso   CNN+BiLSTM        sub-23  seed 6   36.62%     1.5s
  loso   CNN+BiLSTM        sub-24  seed 6   38.37%     1.1s
  loso   CNN+BiLSTM        sub-25  seed 6   36.36%     0.9s
  loso   CNN+BiLSTM        sub-08  seed 7   40.96%     1.0s
  loso   CNN+BiLSTM        sub-12  seed 7   44.05%     1.0s
  loso   CNN+BiLSTM        sub-13  seed 7   32.18%     0.7s
  loso   CNN+BiLSTM        sub-14  seed 7   30.00%     1.0s
  loso   CNN+BiLSTM        sub-15  seed 7   46.97%     0.8s
  loso   CNN+BiLSTM        sub-16  seed 7   34.12%     2.1s
  loso   CNN+BiLSTM        sub-19  seed 7   35.63%     1.6s
  loso   CNN+BiLSTM        sub-21  seed 7   42.47%     0.9s
  loso   CNN+BiLSTM        sub-22  seed 7   39.44%     1.8s
  loso   CNN+BiLSTM        sub-23  seed 7   33.80%     1.3s
  loso   CNN+BiLSTM        sub-24  seed 7   41.86%     1.1s
  loso   CNN+BiLSTM        sub-25  seed 7   22.73%     1.5s
  loso   CNN+BiLSTM        sub-08  seed 8   59.04%     1.4s
  loso   CNN+BiLSTM        sub-12  seed 8   44.05%     0.9s
  loso   CNN+BiLSTM        sub-13  seed 8   36.78%     1.4s
  loso   CNN+BiLSTM        sub-14  seed 8   25.71%     1.4s
  loso   CNN+BiLSTM        sub-15  seed 8   39.39%     1.3s
  loso   CNN+BiLSTM        sub-16  seed 8   36.47%     1.1s
  loso   CNN+BiLSTM        sub-19  seed 8   39.08%     1.2s
  loso   CNN+BiLSTM        sub-21  seed 8   35.62%     0.8s
  loso   CNN+BiLSTM        sub-22  seed 8   35.21%     1.5s
  loso   CNN+BiLSTM        sub-23  seed 8   33.80%     0.9s
  loso   CNN+BiLSTM        sub-24  seed 8   36.05%     0.8s
  loso   CNN+BiLSTM        sub-25  seed 8   38.64%     1.2s
  loso   CNN+BiLSTM        sub-08  seed 9   50.60%     2.2s
  loso   CNN+BiLSTM        sub-12  seed 9   34.52%     2.2s
  loso   CNN+BiLSTM        sub-13  seed 9   42.53%     1.1s
  loso   CNN+BiLSTM        sub-14  seed 9   28.57%     1.0s
  loso   CNN+BiLSTM        sub-15  seed 9   46.97%     1.5s
  loso   CNN+BiLSTM        sub-16  seed 9   40.00%     1.0s
  loso   CNN+BiLSTM        sub-19  seed 9   24.14%     0.7s
  loso   CNN+BiLSTM        sub-21  seed 9   34.25%     0.9s
  loso   CNN+BiLSTM        sub-22  seed 9   36.62%     0.9s
  loso   CNN+BiLSTM        sub-23  seed 9   21.13%     0.8s
  loso   CNN+BiLSTM        sub-24  seed 9   40.70%     1.2s
  loso   CNN+BiLSTM        sub-25  seed 9   25.00%     2.1s
  loso   Transformer       sub-08  seed 0   49.40%     1.5s
  loso   Transformer       sub-12  seed 0   44.05%     2.1s
  loso   Transformer       sub-13  seed 0   34.48%     1.6s
  loso   Transformer       sub-14  seed 0   24.29%     2.1s
  loso   Transformer       sub-15  seed 0   48.48%     1.6s
  loso   Transformer       sub-16  seed 0   41.18%     1.6s
  loso   Transformer       sub-19  seed 0   35.63%     3.1s
  loso   Transformer       sub-21  seed 0   46.58%     3.7s
  loso   Transformer       sub-22  seed 0   42.25%     1.5s
  loso   Transformer       sub-23  seed 0   26.76%     1.6s
  loso   Transformer       sub-24  seed 0   51.16%     1.5s
  loso   Transformer       sub-25  seed 0   25.00%     2.3s
  loso   Transformer       sub-08  seed 1   49.40%     1.3s
  loso   Transformer       sub-12  seed 1   36.90%     1.4s
  loso   Transformer       sub-13  seed 1   25.29%     3.7s
  loso   Transformer       sub-14  seed 1   25.71%     1.8s
  loso   Transformer       sub-15  seed 1   43.94%     2.4s
  loso   Transformer       sub-16  seed 1   47.06%     1.9s
  loso   Transformer       sub-19  seed 1   45.98%     2.6s
  loso   Transformer       sub-21  seed 1   41.10%     2.1s
  loso   Transformer       sub-22  seed 1   40.85%     1.2s
  loso   Transformer       sub-23  seed 1   33.80%     1.7s
  loso   Transformer       sub-24  seed 1   51.16%     2.4s
  loso   Transformer       sub-25  seed 1   34.09%     1.4s
  loso   Transformer       sub-08  seed 2   61.45%     3.4s
  loso   Transformer       sub-12  seed 2   28.57%     1.8s
  loso   Transformer       sub-13  seed 2   37.93%     2.1s
  loso   Transformer       sub-14  seed 2   25.71%     2.1s
  loso   Transformer       sub-15  seed 2   39.39%     1.5s
  loso   Transformer       sub-16  seed 2   40.00%     1.3s
  loso   Transformer       sub-19  seed 2   32.18%     2.2s
  loso   Transformer       sub-21  seed 2   45.21%     1.5s
  loso   Transformer       sub-22  seed 2   43.66%     1.6s
  loso   Transformer       sub-23  seed 2   30.99%     1.9s
  loso   Transformer       sub-24  seed 2   48.84%     2.0s
  loso   Transformer       sub-25  seed 2   38.64%     3.2s
  loso   Transformer       sub-08  seed 3   66.27%     1.8s
  loso   Transformer       sub-12  seed 3   34.52%     1.8s
  loso   Transformer       sub-13  seed 3   32.18%     3.0s
  loso   Transformer       sub-14  seed 3   34.29%     2.3s
  loso   Transformer       sub-15  seed 3   50.00%     2.1s
  loso   Transformer       sub-16  seed 3   40.00%     4.1s
  loso   Transformer       sub-19  seed 3   35.63%     1.8s
  loso   Transformer       sub-21  seed 3   43.84%     2.3s
  loso   Transformer       sub-22  seed 3   43.66%     2.3s
  loso   Transformer       sub-23  seed 3   40.85%     2.1s
  loso   Transformer       sub-24  seed 3   46.51%     2.2s
  loso   Transformer       sub-25  seed 3   31.82%     1.8s
  loso   Transformer       sub-08  seed 4   56.63%     1.6s
  loso   Transformer       sub-12  seed 4   45.24%     1.4s
  loso   Transformer       sub-13  seed 4   27.59%     1.5s
  loso   Transformer       sub-14  seed 4   25.71%     1.9s
  loso   Transformer       sub-15  seed 4   39.39%     3.2s
  loso   Transformer       sub-16  seed 4   54.12%     1.8s
  loso   Transformer       sub-19  seed 4   33.33%     2.2s
  loso   Transformer       sub-21  seed 4   38.36%     1.4s
  loso   Transformer       sub-22  seed 4   46.48%     1.9s
  loso   Transformer       sub-23  seed 4   32.39%     1.3s
  loso   Transformer       sub-24  seed 4   43.02%     1.3s
  loso   Transformer       sub-25  seed 4   38.64%     1.5s
  loso   Transformer       sub-08  seed 5   67.47%     2.3s
  loso   Transformer       sub-12  seed 5   44.05%     1.7s
  loso   Transformer       sub-13  seed 5   39.08%     1.6s
  loso   Transformer       sub-14  seed 5   30.00%     1.9s
  loso   Transformer       sub-15  seed 5   39.39%     2.4s
  loso   Transformer       sub-16  seed 5   44.71%     2.1s
  loso   Transformer       sub-19  seed 5   35.63%     2.3s
  loso   Transformer       sub-21  seed 5   41.10%     3.2s
  loso   Transformer       sub-22  seed 5   35.21%     3.3s
  loso   Transformer       sub-23  seed 5   45.07%     1.8s
  loso   Transformer       sub-24  seed 5   60.47%     1.7s
  loso   Transformer       sub-25  seed 5   34.09%     2.0s
  loso   Transformer       sub-08  seed 6   60.24%     3.1s
  loso   Transformer       sub-12  seed 6   40.48%     3.2s
  loso   Transformer       sub-13  seed 6   40.23%     3.0s
  loso   Transformer       sub-14  seed 6   28.57%     1.7s
  loso   Transformer       sub-15  seed 6   33.33%     3.2s
  loso   Transformer       sub-16  seed 6   49.41%     2.0s
  loso   Transformer       sub-19  seed 6   35.63%     2.5s
  loso   Transformer       sub-21  seed 6   46.58%     1.5s
  loso   Transformer       sub-22  seed 6   39.44%     1.5s
  loso   Transformer       sub-23  seed 6   38.03%     2.7s
  loso   Transformer       sub-24  seed 6   41.86%     4.2s
  loso   Transformer       sub-25  seed 6   38.64%     1.6s
  loso   Transformer       sub-08  seed 7   61.45%     3.3s
  loso   Transformer       sub-12  seed 7   47.62%     3.1s
  loso   Transformer       sub-13  seed 7   28.74%     1.3s
  loso   Transformer       sub-14  seed 7   25.71%     1.4s
  loso   Transformer       sub-15  seed 7   45.45%     2.1s
  loso   Transformer       sub-16  seed 7   32.94%     1.3s
  loso   Transformer       sub-19  seed 7   33.33%     1.6s
  loso   Transformer       sub-21  seed 7   45.21%     4.7s
  loso   Transformer       sub-22  seed 7   46.48%     3.4s
  loso   Transformer       sub-23  seed 7   36.62%     2.9s
  loso   Transformer       sub-24  seed 7   50.00%     1.3s
  loso   Transformer       sub-25  seed 7   34.09%     2.1s
  loso   Transformer       sub-08  seed 8   60.24%     1.4s
  loso   Transformer       sub-12  seed 8   51.19%     1.4s
  loso   Transformer       sub-13  seed 8   36.78%     2.0s
  loso   Transformer       sub-14  seed 8   37.14%     1.5s
  loso   Transformer       sub-15  seed 8   37.88%     3.3s
  loso   Transformer       sub-16  seed 8   44.71%     1.4s
  loso   Transformer       sub-19  seed 8   33.33%     2.5s
  loso   Transformer       sub-21  seed 8   42.47%     1.7s
  loso   Transformer       sub-22  seed 8   42.25%     1.8s
  loso   Transformer       sub-23  seed 8   40.85%     1.6s
  loso   Transformer       sub-24  seed 8   47.67%     3.8s
  loso   Transformer       sub-25  seed 8   34.09%     2.2s
  loso   Transformer       sub-08  seed 9   50.60%     1.3s
  loso   Transformer       sub-12  seed 9   40.48%     2.6s
  loso   Transformer       sub-13  seed 9   33.33%     1.4s
  loso   Transformer       sub-14  seed 9   28.57%     2.2s
  loso   Transformer       sub-15  seed 9   40.91%     2.1s
  loso   Transformer       sub-16  seed 9   44.71%     1.8s
  loso   Transformer       sub-19  seed 9   39.08%     1.2s
  loso   Transformer       sub-21  seed 9   38.36%     1.6s
  loso   Transformer       sub-22  seed 9   46.48%     1.5s
  loso   Transformer       sub-23  seed 9   29.58%     1.3s
  loso   Transformer       sub-24  seed 9   61.63%     1.8s
  loso   Transformer       sub-25  seed 9   36.36%     5.0s
  loso   CNN+TemporalAttn  sub-08  seed 0   48.19%     0.7s
  loso   CNN+TemporalAttn  sub-12  seed 0   50.00%     0.9s
  loso   CNN+TemporalAttn  sub-13  seed 0   40.23%     0.6s
  loso   CNN+TemporalAttn  sub-14  seed 0   31.43%     1.3s
  loso   CNN+TemporalAttn  sub-15  seed 0   42.42%     0.6s
  loso   CNN+TemporalAttn  sub-16  seed 0   48.24%     0.8s
  loso   CNN+TemporalAttn  sub-19  seed 0   39.08%     1.1s
  loso   CNN+TemporalAttn  sub-21  seed 0   38.36%     1.0s
  loso   CNN+TemporalAttn  sub-22  seed 0   45.07%     0.8s
  loso   CNN+TemporalAttn  sub-23  seed 0   36.62%     0.9s
  loso   CNN+TemporalAttn  sub-24  seed 0   51.16%     0.6s
  loso   CNN+TemporalAttn  sub-25  seed 0   27.27%     0.9s
  loso   CNN+TemporalAttn  sub-08  seed 1   59.04%     1.8s
  loso   CNN+TemporalAttn  sub-12  seed 1   48.81%     0.6s
  loso   CNN+TemporalAttn  sub-13  seed 1   31.03%     1.0s
  loso   CNN+TemporalAttn  sub-14  seed 1   30.00%     0.9s
  loso   CNN+TemporalAttn  sub-15  seed 1   37.88%     1.2s
  loso   CNN+TemporalAttn  sub-16  seed 1   40.00%     0.5s
  loso   CNN+TemporalAttn  sub-19  seed 1   40.23%     0.7s
  loso   CNN+TemporalAttn  sub-21  seed 1   43.84%     0.9s
  loso   CNN+TemporalAttn  sub-22  seed 1   36.62%     0.6s
  loso   CNN+TemporalAttn  sub-23  seed 1   35.21%     0.7s
  loso   CNN+TemporalAttn  sub-24  seed 1   55.81%     1.8s
  loso   CNN+TemporalAttn  sub-25  seed 1   34.09%     0.7s
  loso   CNN+TemporalAttn  sub-08  seed 2   40.96%     0.6s
  loso   CNN+TemporalAttn  sub-12  seed 2   46.43%     0.7s
  loso   CNN+TemporalAttn  sub-13  seed 2   32.18%     1.1s
  loso   CNN+TemporalAttn  sub-14  seed 2   28.57%     0.8s
  loso   CNN+TemporalAttn  sub-15  seed 2   42.42%     0.7s
  loso   CNN+TemporalAttn  sub-16  seed 2   44.71%     1.5s
  loso   CNN+TemporalAttn  sub-19  seed 2   39.08%     1.0s
  loso   CNN+TemporalAttn  sub-21  seed 2   42.47%     0.8s
  loso   CNN+TemporalAttn  sub-22  seed 2   35.21%     1.7s
  loso   CNN+TemporalAttn  sub-23  seed 2   38.03%     1.2s
  loso   CNN+TemporalAttn  sub-24  seed 2   50.00%     0.6s
  loso   CNN+TemporalAttn  sub-25  seed 2   40.91%     1.4s
  loso   CNN+TemporalAttn  sub-08  seed 3   55.42%     2.0s
  loso   CNN+TemporalAttn  sub-12  seed 3   55.95%     0.9s
  loso   CNN+TemporalAttn  sub-13  seed 3   32.18%     1.5s
  loso   CNN+TemporalAttn  sub-14  seed 3   22.86%     0.9s
  loso   CNN+TemporalAttn  sub-15  seed 3   36.36%     2.3s
  loso   CNN+TemporalAttn  sub-16  seed 3   31.76%     1.5s
  loso   CNN+TemporalAttn  sub-19  seed 3   43.68%     1.4s
  loso   CNN+TemporalAttn  sub-21  seed 3   47.95%     0.7s
  loso   CNN+TemporalAttn  sub-22  seed 3   42.25%     1.3s
  loso   CNN+TemporalAttn  sub-23  seed 3   33.80%     1.0s
  loso   CNN+TemporalAttn  sub-24  seed 3   50.00%     1.1s
  loso   CNN+TemporalAttn  sub-25  seed 3   25.00%     1.5s
  loso   CNN+TemporalAttn  sub-08  seed 4   61.45%     1.0s
  loso   CNN+TemporalAttn  sub-12  seed 4   48.81%     1.1s
  loso   CNN+TemporalAttn  sub-13  seed 4   25.29%     0.7s
  loso   CNN+TemporalAttn  sub-14  seed 4   31.43%     0.7s
  loso   CNN+TemporalAttn  sub-15  seed 4   34.85%     1.5s
  loso   CNN+TemporalAttn  sub-16  seed 4   41.18%     1.1s
  loso   CNN+TemporalAttn  sub-19  seed 4   42.53%     1.0s
  loso   CNN+TemporalAttn  sub-21  seed 4   42.47%     0.7s
  loso   CNN+TemporalAttn  sub-22  seed 4   40.85%     1.6s
  loso   CNN+TemporalAttn  sub-23  seed 4   35.21%     0.8s
  loso   CNN+TemporalAttn  sub-24  seed 4   55.81%     1.0s
  loso   CNN+TemporalAttn  sub-25  seed 4   29.55%     0.6s
  loso   CNN+TemporalAttn  sub-08  seed 5   60.24%     0.7s
  loso   CNN+TemporalAttn  sub-12  seed 5   52.38%     1.0s
  loso   CNN+TemporalAttn  sub-13  seed 5   31.03%     0.6s
  loso   CNN+TemporalAttn  sub-14  seed 5   28.57%     1.2s
  loso   CNN+TemporalAttn  sub-15  seed 5   40.91%     0.8s
  loso   CNN+TemporalAttn  sub-16  seed 5   50.59%     0.7s
  loso   CNN+TemporalAttn  sub-19  seed 5   41.38%     0.6s
  loso   CNN+TemporalAttn  sub-21  seed 5   36.99%     0.7s
  loso   CNN+TemporalAttn  sub-22  seed 5   39.44%     1.1s
  loso   CNN+TemporalAttn  sub-23  seed 5   25.35%     0.7s
  loso   CNN+TemporalAttn  sub-24  seed 5   54.65%     0.8s
  loso   CNN+TemporalAttn  sub-25  seed 5   31.82%     1.0s
  loso   CNN+TemporalAttn  sub-08  seed 6   57.83%     1.2s
  loso   CNN+TemporalAttn  sub-12  seed 6   52.38%     0.6s
  loso   CNN+TemporalAttn  sub-13  seed 6   28.74%     0.9s
  loso   CNN+TemporalAttn  sub-14  seed 6   24.29%     0.8s
  loso   CNN+TemporalAttn  sub-15  seed 6   39.39%     0.9s
  loso   CNN+TemporalAttn  sub-16  seed 6   45.88%     0.6s
  loso   CNN+TemporalAttn  sub-19  seed 6   39.08%     0.6s
  loso   CNN+TemporalAttn  sub-21  seed 6   38.36%     0.5s
  loso   CNN+TemporalAttn  sub-22  seed 6   45.07%     0.6s
  loso   CNN+TemporalAttn  sub-23  seed 6   28.17%     0.6s
  loso   CNN+TemporalAttn  sub-24  seed 6   53.49%     1.2s
  loso   CNN+TemporalAttn  sub-25  seed 6   38.64%     0.7s
  loso   CNN+TemporalAttn  sub-08  seed 7   59.04%     1.1s
  loso   CNN+TemporalAttn  sub-12  seed 7   52.38%     0.7s
  loso   CNN+TemporalAttn  sub-13  seed 7   20.69%     0.6s
  loso   CNN+TemporalAttn  sub-14  seed 7   25.71%     0.9s
  loso   CNN+TemporalAttn  sub-15  seed 7   33.33%     1.4s
  loso   CNN+TemporalAttn  sub-16  seed 7   37.65%     1.3s
  loso   CNN+TemporalAttn  sub-19  seed 7   42.53%     0.6s
  loso   CNN+TemporalAttn  sub-21  seed 7   45.21%     0.9s
  loso   CNN+TemporalAttn  sub-22  seed 7   39.44%     1.2s
  loso   CNN+TemporalAttn  sub-23  seed 7   33.80%     0.6s
  loso   CNN+TemporalAttn  sub-24  seed 7   54.65%     0.9s
  loso   CNN+TemporalAttn  sub-25  seed 7   31.82%     1.0s
  loso   CNN+TemporalAttn  sub-08  seed 8   55.42%     1.3s
  loso   CNN+TemporalAttn  sub-12  seed 8   45.24%     0.5s
  loso   CNN+TemporalAttn  sub-13  seed 8   32.18%     0.7s
  loso   CNN+TemporalAttn  sub-14  seed 8   20.00%     1.0s
  loso   CNN+TemporalAttn  sub-15  seed 8   51.52%     0.6s
  loso   CNN+TemporalAttn  sub-16  seed 8   50.59%     0.6s
  loso   CNN+TemporalAttn  sub-19  seed 8   48.28%     1.1s
  loso   CNN+TemporalAttn  sub-21  seed 8   43.84%     0.6s
  loso   CNN+TemporalAttn  sub-22  seed 8   47.89%     0.8s
  loso   CNN+TemporalAttn  sub-23  seed 8   26.76%     0.7s
  loso   CNN+TemporalAttn  sub-24  seed 8   52.33%     0.8s
  loso   CNN+TemporalAttn  sub-25  seed 8   36.36%     0.8s
  loso   CNN+TemporalAttn  sub-08  seed 9   53.01%     0.7s
  loso   CNN+TemporalAttn  sub-12  seed 9   47.62%     1.3s
  loso   CNN+TemporalAttn  sub-13  seed 9   26.44%     1.0s
  loso   CNN+TemporalAttn  sub-14  seed 9   24.29%     1.1s
  loso   CNN+TemporalAttn  sub-15  seed 9   43.94%     1.0s
  loso   CNN+TemporalAttn  sub-16  seed 9   44.71%     1.1s
  loso   CNN+TemporalAttn  sub-19  seed 9   40.23%     0.6s
  loso   CNN+TemporalAttn  sub-21  seed 9   42.47%     1.0s
  loso   CNN+TemporalAttn  sub-22  seed 9   45.07%     0.7s
  loso   CNN+TemporalAttn  sub-23  seed 9   28.17%     0.7s
  loso   CNN+TemporalAttn  sub-24  seed 9   63.95%     0.9s
  loso   CNN+TemporalAttn  sub-25  seed 9   36.36%     0.6s
  loso   TCN               sub-08  seed 0   33.73%     2.4s
  loso   TCN               sub-12  seed 0   33.33%     4.4s
  loso   TCN               sub-13  seed 0   33.33%     3.0s
  loso   TCN               sub-14  seed 0   34.29%     3.3s
  loso   TCN               sub-15  seed 0   42.42%     1.6s
  loso   TCN               sub-16  seed 0   42.35%     1.6s
  loso   TCN               sub-19  seed 0   29.89%     1.6s
  loso   TCN               sub-21  seed 0   45.21%     2.1s
  loso   TCN               sub-22  seed 0   28.17%     2.9s
  loso   TCN               sub-23  seed 0   35.21%     1.9s
  loso   TCN               sub-24  seed 0   32.56%     1.4s
  loso   TCN               sub-25  seed 0   25.00%     1.5s
  loso   TCN               sub-08  seed 1   42.17%     2.8s
  loso   TCN               sub-12  seed 1   27.38%     2.8s
  loso   TCN               sub-13  seed 1   34.48%     1.7s
  loso   TCN               sub-14  seed 1   32.86%     1.8s
  loso   TCN               sub-15  seed 1   37.88%     1.7s
  loso   TCN               sub-16  seed 1   37.65%     2.8s
  loso   TCN               sub-19  seed 1   44.83%     2.1s
  loso   TCN               sub-21  seed 1   42.47%     4.2s
  loso   TCN               sub-22  seed 1   35.21%     1.6s
  loso   TCN               sub-23  seed 1   43.66%     1.6s
  loso   TCN               sub-24  seed 1   36.05%     1.9s
  loso   TCN               sub-25  seed 1   34.09%     1.6s
  loso   TCN               sub-08  seed 2   38.55%     3.2s
  loso   TCN               sub-12  seed 2   34.52%     4.6s
  loso   TCN               sub-13  seed 2   39.08%     2.7s
  loso   TCN               sub-14  seed 2   30.00%     2.6s
  loso   TCN               sub-15  seed 2   28.79%     1.7s
  loso   TCN               sub-16  seed 2   35.29%     1.4s
  loso   TCN               sub-19  seed 2   34.48%     1.7s
  loso   TCN               sub-21  seed 2   45.21%     2.0s
  loso   TCN               sub-22  seed 2   30.99%     3.1s
  loso   TCN               sub-23  seed 2   40.85%     2.5s
  loso   TCN               sub-24  seed 2   33.72%     1.7s
  loso   TCN               sub-25  seed 2   29.55%     3.3s
  loso   TCN               sub-08  seed 3   30.12%     1.5s
  loso   TCN               sub-12  seed 3   39.29%     2.1s
  loso   TCN               sub-13  seed 3   37.93%     2.0s
  loso   TCN               sub-14  seed 3   34.29%     2.2s
  loso   TCN               sub-15  seed 3   34.85%     1.5s
  loso   TCN               sub-16  seed 3   43.53%     2.5s
  loso   TCN               sub-19  seed 3   40.23%     3.3s
  loso   TCN               sub-21  seed 3   41.10%     1.7s
  loso   TCN               sub-22  seed 3   42.25%     1.7s
  loso   TCN               sub-23  seed 3   33.80%     2.1s
  loso   TCN               sub-24  seed 3   41.86%     3.4s
  loso   TCN               sub-25  seed 3   22.73%     2.7s
  loso   TCN               sub-08  seed 4   40.96%     3.1s
  loso   TCN               sub-12  seed 4   36.90%     2.8s
  loso   TCN               sub-13  seed 4   34.48%     1.6s
  loso   TCN               sub-14  seed 4   25.71%     1.5s
  loso   TCN               sub-15  seed 4   39.39%     3.0s
  loso   TCN               sub-16  seed 4   41.18%     2.5s
  loso   TCN               sub-19  seed 4   24.14%     1.5s
  loso   TCN               sub-21  seed 4   35.62%     1.6s
  loso   TCN               sub-22  seed 4   38.03%     2.3s
  loso   TCN               sub-23  seed 4   29.58%     1.6s
  loso   TCN               sub-24  seed 4   39.53%     1.9s
  loso   TCN               sub-25  seed 4   31.82%     1.9s
  loso   TCN               sub-08  seed 5   37.35%     1.6s
  loso   TCN               sub-12  seed 5   44.05%     1.5s
  loso   TCN               sub-13  seed 5   25.29%     1.8s
  loso   TCN               sub-14  seed 5   28.57%     1.7s
  loso   TCN               sub-15  seed 5   37.88%     3.7s
  loso   TCN               sub-16  seed 5   43.53%     3.6s
  loso   TCN               sub-19  seed 5   37.93%     1.7s
  loso   TCN               sub-21  seed 5   36.99%     2.7s
  loso   TCN               sub-22  seed 5   35.21%     1.7s
  loso   TCN               sub-23  seed 5   32.39%     2.9s
  loso   TCN               sub-24  seed 5   44.19%     1.7s
  loso   TCN               sub-25  seed 5   34.09%     2.7s
  loso   TCN               sub-08  seed 6   38.55%     1.7s
  loso   TCN               sub-12  seed 6   51.19%     1.8s
  loso   TCN               sub-13  seed 6   40.23%     1.8s
  loso   TCN               sub-14  seed 6   30.00%     2.2s
  loso   TCN               sub-15  seed 6   28.79%     3.7s
  loso   TCN               sub-16  seed 6   37.65%     2.0s
  loso   TCN               sub-19  seed 6   39.08%     1.7s
  loso   TCN               sub-21  seed 6   31.51%     1.8s
  loso   TCN               sub-22  seed 6   40.85%     1.8s
  loso   TCN               sub-23  seed 6   22.54%     1.5s
  loso   TCN               sub-24  seed 6   45.35%     1.6s
  loso   TCN               sub-25  seed 6   31.82%     3.8s
  loso   TCN               sub-08  seed 7   48.19%     3.9s
  loso   TCN               sub-12  seed 7   36.90%     1.8s
  loso   TCN               sub-13  seed 7   33.33%     3.2s
  loso   TCN               sub-14  seed 7   34.29%     3.1s
  loso   TCN               sub-15  seed 7   36.36%     2.2s
  loso   TCN               sub-16  seed 7   36.47%     2.3s
  loso   TCN               sub-19  seed 7   44.83%     2.4s
  loso   TCN               sub-21  seed 7   45.21%     1.7s
  loso   TCN               sub-22  seed 7   32.39%     2.1s
  loso   TCN               sub-23  seed 7   32.39%     1.8s
  loso   TCN               sub-24  seed 7   33.72%     3.3s
  loso   TCN               sub-25  seed 7   43.18%     1.6s
  loso   TCN               sub-08  seed 8   45.78%     3.1s
  loso   TCN               sub-12  seed 8   36.90%     4.3s
  loso   TCN               sub-13  seed 8   36.78%     2.1s
  loso   TCN               sub-14  seed 8   30.00%     2.0s
  loso   TCN               sub-15  seed 8   31.82%     3.0s
  loso   TCN               sub-16  seed 8   47.06%     2.9s
  loso   TCN               sub-19  seed 8   34.48%     2.7s
  loso   TCN               sub-21  seed 8   41.10%     1.5s
  loso   TCN               sub-22  seed 8   38.03%     5.5s
  loso   TCN               sub-23  seed 8   36.62%     4.0s
  loso   TCN               sub-24  seed 8   33.72%     4.5s
  loso   TCN               sub-25  seed 8   34.09%     2.0s
  loso   TCN               sub-08  seed 9   45.78%     2.0s
  loso   TCN               sub-12  seed 9   27.38%     1.4s
  loso   TCN               sub-13  seed 9   33.33%     3.4s
  loso   TCN               sub-14  seed 9   25.71%     2.2s
  loso   TCN               sub-15  seed 9   42.42%     2.4s
  loso   TCN               sub-16  seed 9   38.82%     2.0s
  loso   TCN               sub-19  seed 9   29.89%     1.5s
  loso   TCN               sub-21  seed 9   42.47%     1.4s
  loso   TCN               sub-22  seed 9   42.25%     1.9s
  loso   TCN               sub-23  seed 9   29.58%     2.0s
  loso   TCN               sub-24  seed 9   40.70%     2.8s
  loso   TCN               sub-25  seed 9   31.82%     2.0s
  loso   InceptionTime     sub-08  seed 0   62.65%     2.6s
  loso   InceptionTime     sub-12  seed 0   54.76%     3.2s
  loso   InceptionTime     sub-13  seed 0   55.17%     2.8s
  loso   InceptionTime     sub-14  seed 0   31.43%     3.4s
  loso   InceptionTime     sub-15  seed 0   37.88%     3.3s
  loso   InceptionTime     sub-16  seed 0   58.82%     2.7s
  loso   InceptionTime     sub-19  seed 0   34.48%     2.6s
  loso   InceptionTime     sub-21  seed 0   41.10%     2.6s
  loso   InceptionTime     sub-22  seed 0   47.89%     2.7s
  loso   InceptionTime     sub-23  seed 0   29.58%     3.1s
  loso   InceptionTime     sub-24  seed 0   52.33%     2.9s
  loso   InceptionTime     sub-25  seed 0   27.27%     3.5s
  loso   InceptionTime     sub-08  seed 1   54.22%     7.9s
  loso   InceptionTime     sub-12  seed 1   52.38%     2.5s
  loso   InceptionTime     sub-13  seed 1   28.74%     2.8s
  loso   InceptionTime     sub-14  seed 1   30.00%     2.9s
  loso   InceptionTime     sub-15  seed 1   36.36%     2.7s
  loso   InceptionTime     sub-16  seed 1   47.06%     3.0s
  loso   InceptionTime     sub-19  seed 1   36.78%     2.7s
  loso   InceptionTime     sub-21  seed 1   46.58%     4.3s
  loso   InceptionTime     sub-22  seed 1   32.39%     4.7s
  loso   InceptionTime     sub-23  seed 1   45.07%     4.0s
  loso   InceptionTime     sub-24  seed 1   48.84%     3.8s
  loso   InceptionTime     sub-25  seed 1   27.27%     4.8s
  loso   InceptionTime     sub-08  seed 2   61.45%     4.6s
  loso   InceptionTime     sub-12  seed 2   46.43%     3.1s
  loso   InceptionTime     sub-13  seed 2   36.78%     2.6s
  loso   InceptionTime     sub-14  seed 2   35.71%     3.2s
  loso   InceptionTime     sub-15  seed 2   36.36%     4.3s
  loso   InceptionTime     sub-16  seed 2   31.76%     2.4s
  loso   InceptionTime     sub-19  seed 2   40.23%     4.1s
  loso   InceptionTime     sub-21  seed 2   50.68%     7.0s
  loso   InceptionTime     sub-22  seed 2   46.48%     6.6s
  loso   InceptionTime     sub-23  seed 2   26.76%     2.7s
  loso   InceptionTime     sub-24  seed 2   50.00%     2.9s
  loso   InceptionTime     sub-25  seed 2   31.82%     8.3s
  loso   InceptionTime     sub-08  seed 3   50.60%     3.4s
  loso   InceptionTime     sub-12  seed 3   38.10%     3.2s
  loso   InceptionTime     sub-13  seed 3   41.38%     3.2s
  loso   InceptionTime     sub-14  seed 3   38.57%     5.9s
  loso   InceptionTime     sub-15  seed 3   43.94%     3.4s
  loso   InceptionTime     sub-16  seed 3   45.88%     4.5s
  loso   InceptionTime     sub-19  seed 3   34.48%     2.5s
  loso   InceptionTime     sub-21  seed 3   50.68%     4.3s
  loso   InceptionTime     sub-22  seed 3   42.25%     5.6s
  loso   InceptionTime     sub-23  seed 3   35.21%     3.1s
  loso   InceptionTime     sub-24  seed 3   38.37%     3.4s
  loso   InceptionTime     sub-25  seed 3   29.55%     3.9s
  loso   InceptionTime     sub-08  seed 4   49.40%     3.0s
  loso   InceptionTime     sub-12  seed 4   39.29%     6.1s
  loso   InceptionTime     sub-13  seed 4   29.89%     2.7s
  loso   InceptionTime     sub-14  seed 4   27.14%     4.3s
  loso   InceptionTime     sub-15  seed 4   40.91%     4.9s
  loso   InceptionTime     sub-16  seed 4   45.88%     3.2s
  loso   InceptionTime     sub-19  seed 4   25.29%     2.7s
  loso   InceptionTime     sub-21  seed 4   45.21%     5.3s
  loso   InceptionTime     sub-22  seed 4   40.85%     3.1s
  loso   InceptionTime     sub-23  seed 4   38.03%     2.5s
  loso   InceptionTime     sub-24  seed 4   48.84%     3.8s
  loso   InceptionTime     sub-25  seed 4   31.82%     4.8s
  loso   InceptionTime     sub-08  seed 5   57.83%     3.0s
  loso   InceptionTime     sub-12  seed 5   38.10%     4.5s
  loso   InceptionTime     sub-13  seed 5   40.23%     4.1s
  loso   InceptionTime     sub-14  seed 5   30.00%     3.5s
  loso   InceptionTime     sub-15  seed 5   39.39%     3.6s
  loso   InceptionTime     sub-16  seed 5   52.94%     2.7s
  loso   InceptionTime     sub-19  seed 5   33.33%     4.6s
  loso   InceptionTime     sub-21  seed 5   49.32%     3.1s
  loso   InceptionTime     sub-22  seed 5   32.39%     5.9s
  loso   InceptionTime     sub-23  seed 5   32.39%     2.5s
  loso   InceptionTime     sub-24  seed 5   52.33%     3.0s
  loso   InceptionTime     sub-25  seed 5   34.09%     3.7s
  loso   InceptionTime     sub-08  seed 6   56.63%     7.6s
  loso   InceptionTime     sub-12  seed 6   50.00%     5.9s
  loso   InceptionTime     sub-13  seed 6   32.18%     6.2s
  loso   InceptionTime     sub-14  seed 6   37.14%     2.8s
  loso   InceptionTime     sub-15  seed 6   39.39%     6.8s
  loso   InceptionTime     sub-16  seed 6   43.53%     6.9s
  loso   InceptionTime     sub-19  seed 6   42.53%     4.2s
  loso   InceptionTime     sub-21  seed 6   34.25%     2.6s
  loso   InceptionTime     sub-22  seed 6   46.48%     4.2s
  loso   InceptionTime     sub-23  seed 6   33.80%     3.0s
  loso   InceptionTime     sub-24  seed 6   47.67%     4.4s
  loso   InceptionTime     sub-25  seed 6   22.73%     8.4s
  loso   InceptionTime     sub-08  seed 7   57.83%     6.3s
  loso   InceptionTime     sub-12  seed 7   54.76%     3.0s
  loso   InceptionTime     sub-13  seed 7   41.38%     2.8s
  loso   InceptionTime     sub-14  seed 7   37.14%     4.4s
  loso   InceptionTime     sub-15  seed 7   34.85%     2.8s
  loso   InceptionTime     sub-16  seed 7   34.12%     3.0s
  loso   InceptionTime     sub-19  seed 7   39.08%     4.2s
  loso   InceptionTime     sub-21  seed 7   38.36%     3.4s
  loso   InceptionTime     sub-22  seed 7   45.07%     2.7s
  loso   InceptionTime     sub-23  seed 7   36.62%     5.0s
  loso   InceptionTime     sub-24  seed 7   50.00%     4.5s
  loso   InceptionTime     sub-25  seed 7   29.55%     3.4s
  loso   InceptionTime     sub-08  seed 8   53.01%     3.5s
  loso   InceptionTime     sub-12  seed 8   50.00%     2.7s
  loso   InceptionTime     sub-13  seed 8   39.08%     4.8s
  loso   InceptionTime     sub-14  seed 8   31.43%     3.2s
  loso   InceptionTime     sub-15  seed 8   48.48%     3.9s
  loso   InceptionTime     sub-16  seed 8   51.76%     3.8s
  loso   InceptionTime     sub-19  seed 8   41.38%     4.0s
  loso   InceptionTime     sub-21  seed 8   24.66%     2.7s
  loso   InceptionTime     sub-22  seed 8   50.70%     3.2s
  loso   InceptionTime     sub-23  seed 8   32.39%     3.8s
  loso   InceptionTime     sub-24  seed 8   48.84%     4.1s
  loso   InceptionTime     sub-25  seed 8   38.64%     3.7s
  loso   InceptionTime     sub-08  seed 9   40.96%     3.1s
  loso   InceptionTime     sub-12  seed 9   52.38%     6.3s
  loso   InceptionTime     sub-13  seed 9   31.03%     2.8s
  loso   InceptionTime     sub-14  seed 9   32.86%     3.8s
  loso   InceptionTime     sub-15  seed 9   39.39%     3.7s
  loso   InceptionTime     sub-16  seed 9   43.53%     4.3s
  loso   InceptionTime     sub-19  seed 9   36.78%     5.0s
  loso   InceptionTime     sub-21  seed 9   42.47%     3.5s
  loso   InceptionTime     sub-22  seed 9   42.25%     3.0s
  loso   InceptionTime     sub-23  seed 9   39.44%     3.5s
  loso   InceptionTime     sub-24  seed 9   53.49%     4.0s
  loso   InceptionTime     sub-25  seed 9   31.82%     3.0s
  loso   GRU+Attention     sub-08  seed 0   50.60%     0.9s
  loso   GRU+Attention     sub-12  seed 0   52.38%     0.8s
  loso   GRU+Attention     sub-13  seed 0   40.23%     1.3s
  loso   GRU+Attention     sub-14  seed 0   31.43%     1.8s
  loso   GRU+Attention     sub-15  seed 0   50.00%     0.9s
  loso   GRU+Attention     sub-16  seed 0   49.41%     1.2s
  loso   GRU+Attention     sub-19  seed 0   34.48%     0.6s
  loso   GRU+Attention     sub-21  seed 0   43.84%     1.7s
  loso   GRU+Attention     sub-22  seed 0   45.07%     1.2s
  loso   GRU+Attention     sub-23  seed 0   30.99%     0.8s
  loso   GRU+Attention     sub-24  seed 0   54.65%     1.0s
  loso   GRU+Attention     sub-25  seed 0   36.36%     0.8s
  loso   GRU+Attention     sub-08  seed 1   59.04%     0.7s
  loso   GRU+Attention     sub-12  seed 1   55.95%     0.7s
  loso   GRU+Attention     sub-13  seed 1   36.78%     0.6s
  loso   GRU+Attention     sub-14  seed 1   28.57%     0.7s
  loso   GRU+Attention     sub-15  seed 1   43.94%     0.6s
  loso   GRU+Attention     sub-16  seed 1   55.29%     0.7s
  loso   GRU+Attention     sub-19  seed 1   31.03%     0.6s
  loso   GRU+Attention     sub-21  seed 1   43.84%     0.8s
  loso   GRU+Attention     sub-22  seed 1   43.66%     0.6s
  loso   GRU+Attention     sub-23  seed 1   36.62%     0.8s
  loso   GRU+Attention     sub-24  seed 1   59.30%     1.0s
  loso   GRU+Attention     sub-25  seed 1   38.64%     0.8s
  loso   GRU+Attention     sub-08  seed 2   34.94%     0.6s
  loso   GRU+Attention     sub-12  seed 2   46.43%     0.8s
  loso   GRU+Attention     sub-13  seed 2   37.93%     1.0s
  loso   GRU+Attention     sub-14  seed 2   34.29%     1.3s
  loso   GRU+Attention     sub-15  seed 2   51.52%     0.6s
  loso   GRU+Attention     sub-16  seed 2   54.12%     0.5s
  loso   GRU+Attention     sub-19  seed 2   45.98%     1.9s
  loso   GRU+Attention     sub-21  seed 2   43.84%     0.5s
  loso   GRU+Attention     sub-22  seed 2   49.30%     0.5s
  loso   GRU+Attention     sub-23  seed 2   32.39%     1.4s
  loso   GRU+Attention     sub-24  seed 2   36.05%     0.6s
  loso   GRU+Attention     sub-25  seed 2   22.73%     0.5s
  loso   GRU+Attention     sub-08  seed 3   60.24%     0.9s
  loso   GRU+Attention     sub-12  seed 3   42.86%     0.6s
  loso   GRU+Attention     sub-13  seed 3   37.93%     0.8s
  loso   GRU+Attention     sub-14  seed 3   28.57%     0.8s
  loso   GRU+Attention     sub-15  seed 3   45.45%     0.8s
  loso   GRU+Attention     sub-16  seed 3   45.88%     0.5s
  loso   GRU+Attention     sub-19  seed 3   31.03%     0.8s
  loso   GRU+Attention     sub-21  seed 3   45.21%     0.7s
  loso   GRU+Attention     sub-22  seed 3   57.75%     1.2s
  loso   GRU+Attention     sub-23  seed 3   30.99%     0.7s
  loso   GRU+Attention     sub-24  seed 3   52.33%     1.5s
  loso   GRU+Attention     sub-25  seed 3   31.82%     1.0s
  loso   GRU+Attention     sub-08  seed 4   50.60%     0.7s
  loso   GRU+Attention     sub-12  seed 4   44.05%     1.3s
  loso   GRU+Attention     sub-13  seed 4   25.29%     0.7s
  loso   GRU+Attention     sub-14  seed 4   30.00%     0.7s
  loso   GRU+Attention     sub-15  seed 4   33.33%     1.4s
  loso   GRU+Attention     sub-16  seed 4   43.53%     1.0s
  loso   GRU+Attention     sub-19  seed 4   39.08%     1.3s
  loso   GRU+Attention     sub-21  seed 4   43.84%     0.6s
  loso   GRU+Attention     sub-22  seed 4   45.07%     0.7s
  loso   GRU+Attention     sub-23  seed 4   23.94%     0.5s
  loso   GRU+Attention     sub-24  seed 4   59.30%     0.8s
  loso   GRU+Attention     sub-25  seed 4   31.82%     0.6s
  loso   GRU+Attention     sub-08  seed 5   46.99%     0.6s
  loso   GRU+Attention     sub-12  seed 5   29.76%     0.5s
  loso   GRU+Attention     sub-13  seed 5   37.93%     0.5s
  loso   GRU+Attention     sub-14  seed 5   32.86%     0.5s
  loso   GRU+Attention     sub-15  seed 5   39.39%     1.0s
  loso   GRU+Attention     sub-16  seed 5   51.76%     0.9s
  loso   GRU+Attention     sub-19  seed 5   36.78%     0.5s
  loso   GRU+Attention     sub-21  seed 5   46.58%     0.9s
  loso   GRU+Attention     sub-22  seed 5   40.85%     1.3s
  loso   GRU+Attention     sub-23  seed 5   26.76%     0.9s
  loso   GRU+Attention     sub-24  seed 5   65.12%     0.7s
  loso   GRU+Attention     sub-25  seed 5   34.09%     0.9s
  loso   GRU+Attention     sub-08  seed 6   59.04%     1.0s
  loso   GRU+Attention     sub-12  seed 6   51.19%     0.6s
  loso   GRU+Attention     sub-13  seed 6   29.89%     1.2s
  loso   GRU+Attention     sub-14  seed 6   27.14%     0.7s
  loso   GRU+Attention     sub-15  seed 6   42.42%     1.2s
  loso   GRU+Attention     sub-16  seed 6   32.94%     0.5s
  loso   GRU+Attention     sub-19  seed 6   36.78%     0.5s
  loso   GRU+Attention     sub-21  seed 6   39.73%     0.6s
  loso   GRU+Attention     sub-22  seed 6   50.70%     0.5s
  loso   GRU+Attention     sub-23  seed 6   35.21%     0.9s
  loso   GRU+Attention     sub-24  seed 6   51.16%     0.5s
  loso   GRU+Attention     sub-25  seed 6   38.64%     0.9s
  loso   GRU+Attention     sub-08  seed 7   66.27%     0.8s
  loso   GRU+Attention     sub-12  seed 7   50.00%     0.7s
  loso   GRU+Attention     sub-13  seed 7   27.59%     0.6s
  loso   GRU+Attention     sub-14  seed 7   22.86%     0.5s
  loso   GRU+Attention     sub-15  seed 7   50.00%     0.5s
  loso   GRU+Attention     sub-16  seed 7   55.29%     0.6s
  loso   GRU+Attention     sub-19  seed 7   36.78%     0.7s
  loso   GRU+Attention     sub-21  seed 7   46.58%     0.5s
  loso   GRU+Attention     sub-22  seed 7   47.89%     1.2s
  loso   GRU+Attention     sub-23  seed 7   28.17%     0.5s
  loso   GRU+Attention     sub-24  seed 7   54.65%     0.9s
  loso   GRU+Attention     sub-25  seed 7   38.64%     0.6s
  loso   GRU+Attention     sub-08  seed 8   45.78%     0.5s
  loso   GRU+Attention     sub-12  seed 8   54.76%     0.6s
  loso   GRU+Attention     sub-13  seed 8   32.18%     0.8s
  loso   GRU+Attention     sub-14  seed 8   31.43%     0.6s
  loso   GRU+Attention     sub-15  seed 8   46.97%     1.5s
  loso   GRU+Attention     sub-16  seed 8   45.88%     0.7s
  loso   GRU+Attention     sub-19  seed 8   32.18%     0.9s
  loso   GRU+Attention     sub-21  seed 8   36.99%     0.4s
  loso   GRU+Attention     sub-22  seed 8   53.52%     0.5s
  loso   GRU+Attention     sub-23  seed 8   33.80%     1.0s
  loso   GRU+Attention     sub-24  seed 8   56.98%     0.8s
  loso   GRU+Attention     sub-25  seed 8   43.18%     0.5s
  loso   GRU+Attention     sub-08  seed 9   42.17%     0.5s
  loso   GRU+Attention     sub-12  seed 9   39.29%     0.5s
  loso   GRU+Attention     sub-13  seed 9   40.23%     0.6s
  loso   GRU+Attention     sub-14  seed 9   28.57%     0.9s
  loso   GRU+Attention     sub-15  seed 9   50.00%     1.0s
  loso   GRU+Attention     sub-16  seed 9   40.00%     0.5s
  loso   GRU+Attention     sub-19  seed 9   41.38%     0.4s
  loso   GRU+Attention     sub-21  seed 9   46.58%     1.1s
  loso   GRU+Attention     sub-22  seed 9   53.52%     0.6s
  loso   GRU+Attention     sub-23  seed 9   38.03%     0.8s
  loso   GRU+Attention     sub-24  seed 9   50.00%     0.4s
  loso   GRU+Attention     sub-25  seed 9   34.09%     1.1s

all cells complete in 42.4 min

=== summary: mean over subjects, then mean +/- sd over seeds ===
protocol architecture           mean  sd(seed)     min     max
within   HemoNet               54.03      1.78   52.16   57.36
within   CNN+BiLSTM            43.61      2.37   40.82   47.77
within   Transformer           51.28      0.77   50.29   52.53
within   CNN+TemporalAttn      52.26      2.57   48.22   57.32
within   TCN                   40.90      0.99   39.50   42.08
within   InceptionTime         53.19      1.57   51.32   56.34
within   GRU+Attention         48.60      1.65   45.80   51.52
loso     HemoNet               42.53      1.31   40.83   44.27
loso     CNN+BiLSTM            38.09      1.42   35.42   40.23
loso     Transformer           40.77      1.29   39.10   43.02
loso     CNN+TemporalAttn      40.88      0.87   39.69   42.53
loso     TCN                   36.28      1.17   34.62   38.11
loso     InceptionTime         41.16      1.53   38.54   44.45
loso     GRU+Attention         42.06      1.60   39.15   44.39

chance = 33.33%
sd(seed) is the spread of the subject-mean across seeds. An architecture
ranking is only meaningful where the gap between architectures exceeds it.

figure -> deep-data_v2-correct.png
